Rk,Year,Player,Pos,AV,School,College,Height,Wt,40YD,Vertical,BenchReps,Broad Jump,3Cone,Shuttle,Drafted (tm/rnd/yr)
1,2014,Lavelle Westbrooks\WestLa00,CB,,Georgia Southern,,5-11,186,4.63,36,15,121,6.98,4.27,Cincinnati Bengals / 7th / 252nd pick / 2014
2,2014,Jaylen Watkins\WatkJa01,CB,3,Florida,College Stats,5-11,194,4.41,,22,,,,Philadelphia Eagles / 4th / 101st pick / 2014
3,2014,Jimmie Ward\WardJi01,SS,9,Northern Illinois,College Stats,5-11,193,4.59,,9,,,,San Francisco 49ers / 1st / 30th pick / 2014
4,2014,Jason Verrett\VerrJa00,CB,12,TCU,College Stats,5-9,189,4.38,39,,128,6.69,4,San Diego Chargers / 1st / 25th pick / 2014
5,2014,Brock Vereen\VereBr00,SS,2,Minnesota,College Stats,6-0,199,4.47,34,25,117,6.9,4.07,Chicago Bears / 4th / 131st pick / 2014
6,2014,Jemea Thomas\ThomJe03,CB,0,Georgia Tech,College Stats,5-9,192,4.52,37,19,125,,,New England Patriots / 6th / 206th pick / 2014
7,2014,Vinnie Sunseri\SunsVi00,SS,0,Alabama,College Stats,5-11,210,,,18,,,,New Orleans Saints / 5th / 167th pick / 2014
8,2014,Dezmen Southward\SoutDe00,SS,1,Wisconsin,College Stats,6-0,211,4.38,,,,,,Atlanta Falcons / 3rd / 68th pick / 2014
9,2014,Daniel Sorensen\SoreDa00,SS,,BYU,College Stats,6-1,205,4.67,32,13,114,6.47,3.95,
10,2014,Bradley Roby\RobyBr00,CB,11,Ohio State,College Stats,5-11,194,4.39,38.5,17,124,,4.04,Denver Broncos / 1st / 31st pick / 2014
11,2014,Marcus Roberson\RobeMa00,CB,3,Florida,College Stats,6-0,191,4.61,37.5,8,120,6.84,4.08,
12,2014,Rashaad Reynolds\ReynRa00,CB,,Oregon State,College Stats,5-10,189,4.51,37.5,20,123,6.72,4,
13,2014,Ed Reynolds\ReynEd00,FS,3,Stanford,College Stats,6-1,207,4.57,32.5,15,117,,,Philadelphia Eagles / 5th / 162nd pick / 2014
14,2014,Keith Reaser\ReasKe00,CB,2,Florida Atlantic,College Stats,5-11,189,4.43,,22,,,,San Francisco 49ers / 5th / 170th pick / 2014
15,2014,Loucheiz Purifoy\PuriLo00,CB,,Florida,College Stats,5-11,190,4.61,35.5,6,120,,,
16,2014,Calvin Pryor\PryoCa00,FS,15,Louisville,College Stats,5-11,207,4.58,34.5,18,116,,,New York Jets / 1st / 18th pick / 2014
17,2014,Jabari Price\PricJa00,CB,1,North Carolina,College Stats,5-11,200,4.45,,16,,7.04,4.3,Minnesota Vikings / 7th / 225th pick / 2014
18,2014,Terrance Mitchell\MitcTe00,CB,4,Oregon,College Stats,5-11,192,4.63,34,,117,6.57,4,Dallas Cowboys / 7th / 254th pick / 2014
19,2014,Keith McGill\McGiKe00,CB,4,Utah,College Stats,6-3,211,4.51,39,,129,7.29,4.18,Oakland Raiders / 4th / 116th pick / 2014
20,2014,Dexter McDougle\McDoDe00,CB,2,Maryland,College Stats,5-10,196,4.47,,,,,,New York Jets / 3rd / 80th pick / 2014
21,2014,Craig Loston\LostCr00,SS,1,LSU,College Stats,6-1,217,4.65,32.5,12,119,7.15,4.35,
22,2014,Isaiah Lewis\LewiIs00,SS,,Michigan State,College Stats,5-10,211,4.6,36.5,15,122,7.05,4.47,
23,2014,Nevin Lawson\LawsNe00,CB,12,Utah State,College Stats,5-9,190,4.48,33,16,120,7.12,4.4,Detroit Lions / 4th / 133rd pick / 2014
24,2014,Kenny Ladler\LadlKe00,FS,0,Vanderbilt,College Stats,6-0,207,4.7,36.5,24,127,,,
25,2014,Lamarcus Joyner\JoynLa00,CB,13,Florida State,College Stats,5-8,184,4.55,37.5,14,124,7.26,4.4,St. Louis Rams / 2nd / 41st pick / 2014
26,2014,Dontae Johnson\JohnDo02,CB,10,North Carolina State,College Stats,6-2,200,4.41,38.5,12,124,6.82,4.24,San Francisco 49ers / 4th / 129th pick / 2014
27,2014,Stanley Jean-Baptiste\JeanSt00,CB,0,Nebraska,College Stats,6-3,218,4.61,41.5,13,128,,4.33,New Orleans Saints / 2nd / 58th pick / 2014
28,2014,Kendall James\JameKe00,CB,,Maine,,5-10,180,4.44,39,9,,6.81,4.19,Minnesota Vikings / 6th / 184th pick / 2014
29,2014,Bennett Jackson\JackBe00,CB,,Notre Dame,College Stats,6-0,195,4.51,38,13,128,6.75,4,New York Giants / 6th / 187th pick / 2014
30,2014,Marqueston Huff\HuffMa00,FS,4,Wyoming,College Stats,5-11,196,4.49,35.5,15,118,7.26,4.19,Tennessee Titans / 4th / 122nd pick / 2014
31,2014,Victor Hampton\HampVi00,CB,,South Carolina,College Stats,5-9,197,4.69,33.5,20,118,7.01,4.2,
32,2014,Andre Hal\HalxAn00,CB,18,Vanderbilt,College Stats,5-10,188,4.5,35.5,15,119,7.14,4.27,Houston Texans / 7th / 216th pick / 2014
33,2014,Demetri Goodson\GoodDe00,CB,2,Baylor,College Stats,5-11,194,4.52,37,11,123,6.8,4.34,Green Bay Packers / 6th / 197th pick / 2014
34,2014,Justin Gilbert\GilbJu00,CB,4,Oklahoma State,College Stats,6-0,202,4.37,35.5,20,126,6.92,,Cleveland Browns / 1st / 8th pick / 2014
35,2014,Phillip Gaines\GainPh00,CB,6,Rice,College Stats,6-0,193,4.38,36.5,11,122,6.62,4.04,Kansas City Chiefs / 3rd / 87th pick / 2014
36,2014,E.J. Gaines\GainE.00,CB,14,Missouri,College Stats,5-10,190,4.44,,15,,,,St. Louis Rams / 6th / 188th pick / 2014
37,2014,Kyle Fuller\FullKy00,CB,17,Virginia Tech,College Stats,6-0,190,4.49,38.5,12,128,6.9,4.19,Chicago Bears / 1st / 14th pick / 2014
38,2014,Antone Exum\ExumAn00,CB,3,Virginia Tech,College Stats,6-0,213,4.59,35,17,117,7.05,4.13,Minnesota Vikings / 6th / 182nd pick / 2014
39,2014,Jonathan Dowling\DowlJo00,FS,0,Western Kentucky,College Stats,6-3,190,4.52,33.5,8,118,7.04,4.24,Oakland Raiders / 7th / 247th pick / 2014
40,2014,Brandon Dixon\DixoBr00,CB,3,Northwest Missouri State,,5-11,203,4.41,32.5,17,117,7.15,4.27,New York Jets / 6th / 195th pick / 2014
41,2014,Ahmad Dixon\DixoAh00,SS,0,Baylor,College Stats,6-0,212,4.64,32,14,111,7.55,4.5,Dallas Cowboys / 7th / 248th pick / 2014
42,2014,Pierre Desir\DesiPi00,CB,5,Lindenwood,,6-1,198,4.59,35,11,133,6.86,4.3,Cleveland Browns / 4th / 127th pick / 2014
43,2014,Darqueze Dennard\DennDa00,CB,8,Michigan State,College Stats,5-11,199,4.52,,15,,,,Cincinnati Bengals / 1st / 24th pick / 2014
44,2014,Chris Davis\DaviCh05,CB,2,Auburn,College Stats,5-10,202,4.54,,15,,,,
45,2014,Aaron Colvin\ColvAa00,CB,10,Oklahoma,College Stats,5-11,177,4.51,,,,,,Jacksonville Jaguars / 4th / 114th pick / 2014
46,2014,Ross Cockrell\CockRo00,CB,15,Duke,College Stats,6-0,191,4.56,36.5,10,122,7.28,4.32,Buffalo Bills / 4th / 109th pick / 2014
47,2014,Ha Ha Clinton-Dix\ClinHa00,FS,25,Alabama,College Stats,6-1,208,4.58,33,11,119,7.16,4.16,Green Bay Packers / 1st / 21st pick / 2014
48,2014,T.J. Carrie\CarrTr00,CB,14,Ohio,College Stats,6-0,206,4.49,,17,,,,Oakland Raiders / 7th / 219th pick / 2014
49,2014,Deone Bucannon\BucaDe00,SS,22,Washington State,College Stats,6-1,211,4.49,36.5,19,125,6.96,4.26,Arizona Cardinals / 1st / 27th pick / 2014
50,2014,Terrence Brooks\BrooTe00,FS,5,Florida State,College Stats,5-11,198,4.42,38,10,119,7.35,,Baltimore Ravens / 3rd / 79th pick / 2014
51,2014,Bashaud Breeland\BreeBa00,CB,23,Clemson,College Stats,5-11,197,4.62,34.5,11,123,7.04,4.33,Washington Redskins / 4th / 102nd pick / 2014
52,2014,Tre Boston\BostTr00,SS,16,North Carolina,College Stats,6-0,204,4.58,35,18,116,7.04,4.31,Carolina Panthers / 4th / 128th pick / 2014
53,2014,Nat Berhe\BerhNa00,SS,3,San Diego State,College Stats,5-10,193,4.71,35.5,15,117,7.08,4.22,New York Giants / 5th / 152nd pick / 2014
54,2014,Ben√© Benwikere\BenwBe00,CB,8,San Jose State,College Stats,5-11,195,4.59,40.5,10,122,6.94,4.38,Carolina Panthers / 5th / 148th pick / 2014
55,2014,Deion Belue\BeluDe00,CB,,Alabama,College Stats,5-11,182,4.48,,11,,,,
56,2014,Dion Bailey\BailDi00,FS,1,Southern California,College Stats,6-0,201,4.66,34,,113,6.97,4.15,
57,2014,Ricardo Allen\AlleRi00,CB,16,Purdue,College Stats,5-9,187,4.61,35.5,13,117,,4.15,Atlanta Falcons / 5th / 147th pick / 2014
58,2014,Maurice Alexander\AlexMa00,SS,11,Utah State,College Stats,6-1,220,4.5,38,,123,7.05,4.51,St. Louis Rams / 4th / 110th pick / 2014
59,2014,Todd Washington,CB,,Southeastern Louisiana,,5-11,196,4.57,,13,,,,
60,2013,Blidi Wreh-Wilson\WrehBl00,CB,7,Connecticut,College Stats,6-1,195,4.53,36,14,128,6.97,4.12,Tennessee Titans / 3rd / 70th pick / 2013
61,2013,Khalid Wooten\WootKa00,CB,,Indiana,College Stats,5-11,210,4.53,33.5,17,117,6.95,4.18,
62,2013,Earl Wolff\WolfEa00,SS,4,North Carolina State,College Stats,5-11,209,4.44,39,,134,,4.07,Philadelphia Eagles / 5th / 136th pick / 2013
63,2013,Steve Williams\WillSt02,CB,4,California,College Stats,5-9,181,4.42,40.5,12,128,6.89,4.1,San Diego Chargers / 5th / 145th pick / 2013
64,2013,Shawn Williams\WillSh02,SS,16,Georgia,College Stats,6-0,213,4.46,36,25,120,7.01,4.25,Cincinnati Bengals / 3rd / 84th pick / 2013
65,2013,Duke Williams\WillDu00,SS,8,Nevada,College Stats,5-11,203,4.48,37.5,13,126,,4,Buffalo Bills / 4th / 105th pick / 2013
66,2013,J.J. Wilcox\WilcJ.00,SS,17,Georgia Southern,,6-0,213,4.57,35,17,124,7.02,4.09,Dallas Cowboys / 3rd / 80th pick / 2013
67,2013,Kayvon Webster\WebsKa00,CB,9,South Florida,College Stats,5-10,195,4.41,35,14,125,,,Denver Broncos / 3rd / 90th pick / 2013
68,2013,B.W. Webb\WebbBW00,CB,6,William & Mary,,5-10,184,4.51,40.5,14,132,6.82,3.84,Dallas Cowboys / 4th / 114th pick / 2013
69,2013,Kenny Vaccaro\VaccKe00,FS,24,Texas,College Stats,6-0,214,4.63,38,15,121,6.78,4.06,New Orleans Saints / 1st / 15th pick / 2013
70,2013,Desmond Trufant\TrufDe00,CB,30,Washington,College Stats,6-0,190,4.38,37.5,16,125,,3.85,Atlanta Falcons / 1st / 22nd pick / 2013
71,2013,Shamarko Thomas\ThomSh00,SS,5,Syracuse,College Stats,5-9,213,4.42,40.5,28,133,,4.26,Pittsburgh Steelers / 4th / 111th pick / 2013
72,2013,Phillip Thomas\ThomPh00,FS,2,Fresno State,College Stats,6-0,208,4.65,35,14,122,,,Washington Redskins / 4th / 119th pick / 2013
73,2013,Jamar Taylor\TaylJa01,CB,14,Boise State,College Stats,5-11,192,4.39,35,22,127,6.82,4.06,Miami Dolphins / 2nd / 54th pick / 2013
74,2013,Rod Sweeting\SweeRo01,CB,1,Georgia Tech,College Stats,5-11,189,4.42,37,11,124,,,
75,2013,D.J. Swearinger\SweaDJ00,FS,24,South Carolina,College Stats,5-10,208,4.67,37,17,124,6.7,4.11,Houston Texans / 2nd / 57th pick / 2013
76,2013,Jawanza Starling\StarJa01,SS,0,Southern California,College Stats,6-1,202,4.64,36,17,122,6.68,4.34,
77,2013,Daimion Stafford\StafDa00,FS,7,Nebraska,College Stats,6-0,221,4.69,30.5,21,111,7.06,,Tennessee Titans / 7th / 248th pick / 2013
78,2013,Darius Slay\SlayDa00,CB,30,Mississippi State,College Stats,6-0,192,4.36,35.5,14,124,6.9,4.21,Detroit Lions / 2nd / 36th pick / 2013
79,2013,Jamoris Slaughter\SlauJa00,SS,,Notre Dame,College Stats,6-0,195,4.57,,,,,,Cleveland Browns / 6th / 175th pick / 2013
80,2013,Tharold Simon\SimoTh00,CB,3,LSU,College Stats,6-2,202,4.51,34,9,128,,,Seattle Seahawks / 5th / 138th pick / 2013
81,2013,Logan Ryan\RyanLo00,CB,23,Rutgers,College Stats,5-11,191,4.56,32.5,14,116,6.69,4.06,New England Patriots / 3rd / 83rd pick / 2013
82,2013,Nickell Robey\RobeNi00,CB,13,Southern California,College Stats,5-7,169,4.53,37.5,10,127,6.74,4.09,
83,2013,Xavier Rhodes\RhodXa00,CB,34,Florida State,College Stats,6-1,210,4.43,40.5,14,132,,,Minnesota Vikings / 1st / 25th pick / 2013
84,2013,Eric Reid\ReidEr00,FS,28,LSU,College Stats,6-1,213,4.53,40.5,17,134,6.99,4.22,San Francisco 49ers / 1st / 18th pick / 2013
85,2013,Bacarri Rambo\RambBa00,FS,8,Georgia,College Stats,6-0,211,4.56,,17,,,,Washington Redskins / 6th / 191st pick / 2013
86,2013,Jordan Poyer\PoyeJo00,CB,11,Oregon State,College Stats,6-0,191,4.54,30.5,8,118,6.87,4.18,Philadelphia Eagles / 7th / 218th pick / 2013
87,2013,Zeke Motta\MottZe00,SS,1,Notre Dame,College Stats,6-2,213,4.75,35.5,11,126,6.75,4.16,Atlanta Falcons / 7th / 244th pick / 2013
88,2013,Dee Milliner\MillDe00,CB,6,Alabama,College Stats,6-0,201,4.37,36,,122,6.95,4.32,New York Jets / 1st / 9th pick / 2013
89,2013,Rontez Miles\MileRo00,FS,4,California (PA),,6-0,203,4.62,36.5,,123,6.97,4.27,
90,2013,Brandon McGee\McGeBr00,CB,1,Miami (FL),College Stats,5-11,193,4.4,33.5,14,119,6.71,4.18,St. Louis Rams / 5th / 149th pick / 2013
91,2013,Leon McFadden\McFaLe00,CB,2,San Diego State,College Stats,5-10,193,4.54,34.5,10,119,6.81,4.27,Cleveland Browns / 3rd / 68th pick / 2013
92,2013,T.J. McDonald\McDoTJ00,FS,24,Southern California,College Stats,6-2,219,4.59,40,19,131,6.89,4.2,St. Louis Rams / 3rd / 71st pick / 2013
93,2013,Demetrius McCray\McCrDe00,CB,8,Appalachian State,,6-1,187,4.54,36,4,126,7.17,4.32,Jacksonville Jaguars / 7th / 210th pick / 2013
94,2013,Tyrann Mathieu\MathTy00,CB,27,LSU,,5-9,186,4.5,34,4,117,6.87,4.14,Arizona Cardinals / 3rd / 69th pick / 2013
95,2013,Robert Lester\LestRo00,SS,,Alabama,College Stats,6-1,220,4.66,33.5,,117,,,
96,2013,Keelan Johnson\JohnKe03,SS,0,Arizona State,College Stats,6-0,209,4.54,36.5,12,125,6.77,4.07,
97,2013,Josh Johnson\JohnJo06,CB,,Purdue,College Stats,5-9,199,4.65,35,16,114,6.99,4.25,
98,2013,Tony Jefferson\JeffTo00,FS,20,Oklahoma,College Stats,5-11,213,4.75,,16,,,,
99,2013,Micah Hyde\HydeMi00,CB,25,Iowa,College Stats,6-0,197,4.56,33,12,121,6.78,4.2,Green Bay Packers / 5th / 159th pick / 2013
100,2013,Aaron Hester\HestAa00,CB,,UCLA,College Stats,6-2,198,4.62,29,,112,7.26,4.33,
101,2013,D.J. Hayden\HaydDJ00,CB,11,Houston,College Stats,5-11,191,4.4,,,,,,Oakland Raiders / 1st / 12th pick / 2013
102,2013,Terry Hawthorne\HawtTe00,CB,,Illinois,College Stats,6-0,195,4.44,35.5,13,116,,,Pittsburgh Steelers / 5th / 150th pick / 2013
103,2013,Dwayne Gratz\GratDw00,CB,10,Connecticut,College Stats,5-11,201,4.47,38,22,125,6.7,4.15,Jacksonville Jaguars / 3rd / 64th pick / 2013
104,2013,Josh Evans\EvanJo00,FS,14,Florida,College Stats,6-1,207,4.58,34.5,,123,6.64,4.1,Jacksonville Jaguars / 6th / 169th pick / 2013
105,2013,Matt Elam\ElamMa00,SS,12,Florida,College Stats,5-10,208,4.43,35.5,17,118,,,Baltimore Ravens / 1st / 32nd pick / 2013
106,2013,Will Davis\DaviWi02,CB,0,Utah State,College Stats,5-11,186,4.51,35.5,16,127,6.52,4.02,Miami Dolphins / 3rd / 93rd pick / 2013
107,2013,Johnathan Cyprien\CyprJo00,SS,26,Florida International,College Stats,6-0,217,4.64,38.5,,,,,Jacksonville Jaguars / 2nd / 33rd pick / 2013
108,2013,Sanders Commings\CommSa00,CB,0,Georgia,College Stats,6-0,216,4.41,34.5,,117,7.1,4.3,Kansas City Chiefs / 5th / 134th pick / 2013
109,2013,Adrian Bushell\BushAd00,CB,,Louisville,College Stats,5-9,186,4.58,33,17,116,6.92,4.25,
110,2013,John Boyett\BoyeJo00,FS,,Oregon,College Stats,5-10,204,4.64,,27,,,,Indianapolis Colts / 6th / 192nd pick / 2013
111,2013,Johnthan Banks\BankJo00,CB,13,Mississippi State,College Stats,6-2,185,4.61,34,10,125,6.97,4.27,Tampa Bay Buccaneers / 2nd / 43rd pick / 2013
112,2013,Marc Anthony\AnthMa00,CB,,California,College Stats,5-11,196,4.63,35,12,118,6.74,4.07,Baltimore Ravens / 7th / 247th pick / 2013
113,2013,David Amerson\AmerDa00,CB,21,North Carolina State,College Stats,6-1,205,4.44,35.5,15,127,,,Washington Redskins / 2nd / 51st pick / 2013
114,2013,Robert Alford\AlfoRo00,CB,23,Southeastern Louisiana,,5-10,188,4.39,40,17,132,6.89,4.23,Atlanta Falcons / 2nd / 60th pick / 2013
115,2013,Johnny Adams\AdamJo02,CB,0,Michigan State,College Stats,5-10,185,4.48,,16,,,,
116,2013,Dax Swanson,CB,,Sam Houston State,,5-10,186,4.56,33,15,122,,,
117,2013,Mike Edwards,CB,,Hawaii,College Stats,5-9,189,4.56,36,14,124,6.94,4.18,
118,2013,Bradley McDougald,FS,,Illinois,,6-0,215,4.51,34.5,19,122,7.07,4.44,
119,2013,Greg Reid,CB,,Florida State,,5-8,190,4.46,,10,,,,
120,2012,Corey White\WhitCo01,SS,13,Samford,,5-11,206,4.53,37.5,15,126,6.72,4.22,New Orleans Saints / 5th / 162nd pick / 2012
121,2012,Trevin Wade\WadeTr00,CB,5,Arizona,College Stats,5-10,192,4.52,34.5,18,116,6.87,4,Cleveland Browns / 7th / 245th pick / 2012
122,2012,Christian Thompson\ThomCh01,FS,0,South Carolina State,,6-0,211,4.42,31.5,18,122,7.33,4.13,Baltimore Ravens / 4th / 130th pick / 2012
123,2012,Brandon Taylor\TaylBr02,SS,1,LSU,College Stats,5-11,209,4.52,33.5,,118,7.32,4.37,San Diego Chargers / 3rd / 73rd pick / 2012
124,2012,Ryan Steed\SteeRy00,CB,0,Furman,,5-10,195,4.64,34,12,121,6.94,4.22,
125,2012,Harrison Smith\SmitHa00,SS,45,Notre Dame,College Stats,6-2,213,4.54,34,19,122,6.63,4.12,Minnesota Vikings / 1st / 29th pick / 2012
126,2012,Coty Sensabaugh\SensCo00,CB,17,Clemson,College Stats,5-11,189,4.33,37,15,122,6.6,4.06,Tennessee Titans / 4th / 115th pick / 2012
127,2012,Josh Robinson\RobiJo01,CB,11,Central Florida,College Stats,5-10,199,4.29,38.5,17,133,6.55,3.97,Minnesota Vikings / 3rd / 66th pick / 2012
128,2012,Sean Richardson\RichSe00,SS,1,Vanderbilt,College Stats,6-2,216,4.43,38.5,22,128,7.01,4.44,
129,2012,Cyhl Quarles\QuarCy00,SS,0,Wake Forest,College Stats,6-1,213,4.54,32.5,19,119,7.21,4.32,
130,2012,Shaun Prater\PratSh00,CB,2,Iowa,College Stats,5-10,190,4.5,,14,,,,Cincinnati Bengals / 5th / 156th pick / 2012
131,2012,Chaz Powell\PoweCh00,CB,0,Penn State,College Stats,6-0,203,4.42,33,17,121,6.84,4.16,
132,2012,Eddie Pleasant\PleaEd00,SS,6,Oregon,College Stats,5-10,211,4.53,33.5,22,116,7.12,4.28,
133,2012,Micah Pellerin\PellMi00,CB,0,Hampton,,6-0,194,4.52,33,14,116,,,
134,2012,Josh Norman\NormJo01,CB,34,Coastal Carolina,,6-0,197,4.61,33,14,124,7.09,4.23,Carolina Panthers / 5th / 143rd pick / 2012
135,2012,Charles Mitchell\MitcCh01,SS,1,Mississippi State,College Stats,5-11,202,4.56,37,19,127,6.93,4.22,Atlanta Falcons / 6th / 192nd pick / 2012
136,2012,Chase Minnifield\MinnCh00,CB,1,Virginia,College Stats,5-10,183,4.63,,7,,,,
137,2012,DeQuan Menzie\MenzDe00,CB,0,Alabama,College Stats,5-11,202,4.65,33,,116,,,Kansas City Chiefs / 5th / 146th pick / 2012
138,2012,Jerron McMillian\McMiJe00,SS,2,Maine,,5-11,203,4.47,36.5,17,120,6.69,4.22,Green Bay Packers / 4th / 133rd pick / 2012
139,2012,Kelcie McCray\McCrKe00,SS,6,Arkansas State,College Stats,6-2,202,4.48,30.5,12,122,7,4.29,
140,2012,Markelle Martin\MartMa00,FS,1,Oklahoma State,College Stats,6-1,207,4.47,,19,,,,Tennessee Titans / 6th / 190th pick / 2012
141,2012,Dre Kirkpatrick\KirkDr00,CB,25,Alabama,College Stats,6-2,186,4.5,35,,120,,,Cincinnati Bengals / 1st / 17th pick / 2012
142,2012,Trumaine Johnson\JohnTr05,CB,30,Montana,,6-2,204,4.5,35.5,19,122,7.2,4.15,St. Louis Rams / 3rd / 65th pick / 2012
143,2012,Leonard Johnson\JohnLe03,CB,13,Iowa State,College Stats,5-10,196,4.62,32,15,120,6.96,4.15,
144,2012,Janoris Jenkins\JenkJa03,CB,43,North Alabama,College Stats,5-10,193,4.41,33.5,,121,6.95,4.13,St. Louis Rams / 2nd / 39th pick / 2012
145,2012,Asa Jackson\JackAs00,CB,3,Cal Poly,,5-10,191,4.48,34.5,19,118,6.97,4.03,Baltimore Ravens / 5th / 169th pick / 2012
146,2012,George Iloka\IlokGe00,FS,30,Boise State,College Stats,6-4,225,4.6,34.5,20,124,7.03,4.03,Cincinnati Bengals / 5th / 167th pick / 2012
147,2012,Duke Ihenacho\IhenDu00,SS,9,San Jose State,College Stats,6-0,213,4.67,35,20,122,6.78,4.22,
148,2012,Delano Howell\HoweDe00,SS,1,Stanford,College Stats,5-11,210,4.61,33,21,120,6.97,4.15,
149,2012,Jayron Hosley\HoslJa00,CB,7,Virginia Tech,College Stats,5-10,178,4.38,,11,,,,New York Giants / 3rd / 94th pick / 2012
150,2012,Casey Hayward\HaywCa00,CB,35,Vanderbilt,College Stats,5-11,192,4.47,34,19,119,6.76,3.9,Green Bay Packers / 2nd / 62nd pick / 2012
151,2012,Mike Harris\HarrMi00,CB,9,Florida State,College Stats,5-10,188,4.52,36,,117,6.81,4.07,Jacksonville Jaguars / 6th / 176th pick / 2012
152,2012,Cliff Harris\HarrCl01,CB,,Oregon,College Stats,5-11,175,4.61,36,14,118,6.79,4.19,
153,2012,Winston Guy\GuyxWi00,SS,3,Kentucky,College Stats,6-1,218,4.62,,,,,,Seattle Seahawks / 6th / 181st pick / 2012
154,2012,Stephon Gilmore\GilmSt00,CB,33,South Carolina,College Stats,6-0,190,4.38,36,15,123,6.61,3.94,Buffalo Bills / 1st / 10th pick / 2012
155,2012,Terrence Frederick\FredTe00,CB,1,Texas A&M,College Stats,5-10,187,4.44,35,16,121,6.59,4.03,Pittsburgh Steelers / 7th / 246th pick / 2012
156,2012,Jamell Fleming\FlemJa00,CB,5,Oklahoma,College Stats,5-11,206,4.43,34,23,125,6.71,3.97,Arizona Cardinals / 3rd / 80th pick / 2012
157,2012,Alfonzo Dennard\DennAl00,CB,8,Nebraska,College Stats,5-10,204,4.48,37,,121,,,New England Patriots / 7th / 224th pick / 2012
158,2012,Morris Claiborne\ClaiMo00,CB,22,LSU,College Stats,5-11,188,4.5,34.5,,118,7.01,4.12,Dallas Cowboys / 1st / 6th pick / 2012
159,2012,Sean Cattouse\CattSe00,SS,0,California,College Stats,6-2,211,4.74,34,,114,6.99,4.15,
160,2012,Ron Brooks\BrooRo01,CB,6,LSU,College Stats,5-10,190,4.37,38,12,120,,,Buffalo Bills / 4th / 124th pick / 2012
161,2012,Brandon Boykin\BoykBr00,CB,9,Georgia,College Stats,5-9,182,4.44,,,,,,Philadelphia Eagles / 4th / 123rd pick / 2012
162,2012,Omar Bolden\BoldOm00,CB,5,Arizona State,College Stats,5-10,202,4.51,,24,,,,Denver Broncos / 4th / 101st pick / 2012
163,2012,Robert Blanton\BlanRo00,CB,10,Notre Dame,College Stats,6-1,208,4.66,34,12,116,6.71,3.97,Minnesota Vikings / 5th / 139th pick / 2012
164,2012,Justin Bethel\BethJu00,FS,17,Presbyterian,,6-0,200,4.52,39.5,19,131,6.79,4.3,Arizona Cardinals / 6th / 177th pick / 2012
165,2012,Dwight Bentley\BentBi00,CB,3,Colorado,,5-10,182,4.42,31.5,13,114,6.99,4.5,Detroit Lions / 3rd / 85th pick / 2012
166,2012,Mark Barron\BarrMa00,SS,33,Alabama,College Stats,6-1,213,4.54,,,,,,Tampa Bay Buccaneers / 1st / 7th pick / 2012
167,2012,Antonio Allen\AlleAn02,SS,10,South Carolina,College Stats,6-1,210,4.58,34,17,118,7.02,4.25,New York Jets / 7th / 242nd pick / 2012
168,2012,Phillip Thomas,FS,,Syracuse,College Stats,5-11,198,4.68,33,14,122,,,
169,2012,Johnny Thomas,SS,,Oklahoma State,,5-10,206,4.57,35.5,20,123,7.01,4.25,
170,2012,Trenton Robinson,FS,,Michigan State,College Stats,5-10,195,4.46,35,15,125,,4.15,
171,2012,Charles Brown,CB,,North Carolina,College Stats,5-9,202,4.53,35.5,18,114,6.94,4.06,
172,2012,Antonio Fenelus,CB,,Wisconsin,College Stats,5-8,190,4.57,32,20,109,6.8,4.2,
173,2012,Janzen Jackson,FS,,McNeese State,,5-11,188,4.6,36.5,9,125,6.9,4.15,
174,2012,Jeremy Jones,CB,,Wayne State (MI),,5-9,197,4.56,31.5,20,116,7.14,4.18,
175,2012,Coryell Judie,CB,,Texas A&M,College Stats,6-0,194,4.45,37,,126,7.33,4.25,
176,2012,D'Anton Lynn,CB,,Penn State,College Stats,6-0,206,4.71,31.5,17,111,,,
177,2012,DeAndre Presley,CB,,Appalachian State,,5-10,185,4.53,32,8,114,7.19,4.28,
178,2012,Antwuan Reed,CB,,Pittsburgh,College Stats,5-10,188,4.58,36.5,14,124,,4.2,
1,2011,Shareece Wright\WrigSh00,CB,18,Southern California,College Stats,5-11,185,4.41,34.5,16,113,,,San Diego Chargers / 3rd / 89th pick / 2011
2,2011,Aaron Williams\WillAa00,CB,19,Texas,College Stats,6-0,204,4.55,37.5,18,127,6.72,4.07,Buffalo Bills / 2nd / 34th pick / 2011
3,2011,DeMarcus Van Dyke\VanDDe00,CB,3,Miami (FL),College Stats,6-1,176,4.28,33.5,5,121,6.97,4.09,Oakland Raiders / 3rd / 81st pick / 2011
4,2011,Josh Thomas\ThomJo01,CB,7,Buffalo,College Stats,5-10,191,4.46,38.5,13,126,6.99,4.15,Dallas Cowboys / 5th / 143rd pick / 2011
5,2011,Brandyn Thompson\ThomBr00,CB,1,Boise State,College Stats,5-9,189,4.5,33.5,13,114,6.66,4.12,Washington Redskins / 7th / 213th pick / 2011
6,2011,Jimmy Smith\SmitJi03,CB,30,Colorado,College Stats,6-2,211,4.42,36,24,123,6.93,4.06,Baltimore Ravens / 1st / 27th pick / 2011
7,2011,Buster Skrine\SkriBu00,CB,31,Chattanooga,,5-9,186,4.37,37,20,122,6.44,3.9,Cleveland Browns / 5th / 137th pick / 2011
8,2011,David Sims\SimsDa01,SS,1,Iowa State,College Stats,5-9,200,4.5,37.5,24,120,,4.28,
9,2011,Richard Sherman\SherRi00,CB,86,Stanford,College Stats,6-3,195,4.54,38,16,125,6.82,4.33,Seattle Seahawks / 5th / 154th pick / 2011
10,2011,Da'Norris Searcy\SearDa00,SS,27,North Carolina,College Stats,5-11,223,4.55,33,27,120,6.87,4.09,Buffalo Bills / 4th / 100th pick / 2011
11,2011,Tyler Sash\SashTy00,SS,1,Iowa,College Stats,6-0,211,4.62,33,11,108,6.9,4.27,New York Giants / 6th / 198th pick / 2011
12,2011,Robert Sands\SandRo00,FS,0,West Virginia,College Stats,6-4,217,4.53,35,12,124,7.03,4.06,Cincinnati Bengals / 5th / 134th pick / 2011
13,2011,Kevin Rutland\RutlKe00,CB,4,Missouri,College Stats,6-0,190,4.58,35.5,12,118,6.92,4.15,
14,2011,Chris L. Rucker\RuckCh00,CB,2,Michigan State,,6-0,195,4.54,,10,,,,Indianapolis Colts / 6th / 188th pick / 2011
15,2011,Justin Rogers\RogeJu00,CB,4,Richmond,,5-10,180,4.45,33,14,114,7.21,4.2,Buffalo Bills / 7th / 206th pick / 2011
16,2011,Patrick Peterson\PetePa00,CB,88,LSU,College Stats,6-0,219,4.31,38,15,126,6.58,4.07,Arizona Cardinals / 1st / 5th pick / 2011
17,2011,Johnny Patrick\PatrJo00,CB,4,Louisville,College Stats,5-11,191,4.59,32,13,110,,4.16,New Orleans Saints / 3rd / 88th pick / 2011
18,2011,Rahim Moore\MoorRa00,FS,22,UCLA,College Stats,6-0,202,4.58,35,11,115,6.98,3.96,Denver Broncos / 2nd / 45th pick / 2011
19,2011,Byron Maxwell\MaxwBy00,CB,24,Clemson,College Stats,6-0,202,4.43,33,24,124,,,Seattle Seahawks / 6th / 173rd pick / 2011
20,2011,Curtis Marsh\MarsCu01,CB,1,Utah State,College Stats,6-0,197,4.42,37.5,12,123,6.87,4.07,Philadelphia Eagles / 3rd / 90th pick / 2011
21,2011,Mark LeGree\LegrMa00,FS,,Appalachian State,,5-11,210,4.49,31,21,116,6.9,4.09,Seattle Seahawks / 5th / 156th pick / 2011
22,2011,Joe Lefeged\LefeJo00,SS,4,Rutgers,College Stats,6-0,210,4.42,36.5,18,122,6.82,4.13,
23,2011,Shiloh Keo\KeoxSh00,SS,10,Idaho,College Stats,5-11,219,4.74,32.5,24,110,6.55,3.9,Houston Texans / 5th / 144th pick / 2011
24,2011,Jeron Johnson\JohnJe02,SS,3,Boise State,College Stats,5-10,212,4.51,,23,,,,
25,2011,Jaiquawn Jarrett\JarrJa00,FS,5,Temple,College Stats,6-0,198,4.62,30,14,113,6.95,4.14,Philadelphia Eagles / 2nd / 54th pick / 2011
26,2011,Davon House\HousDa00,CB,18,New Mexico State,College Stats,6-0,200,4.44,33.5,14,109,6.65,4.12,Green Bay Packers / 4th / 131st pick / 2011
27,2011,Brandon Hogan\HogaBr00,CB,0,West Virginia,College Stats,5-10,192,4.43,,19,,,,Carolina Panthers / 4th / 98th pick / 2011
28,2011,Jermale Hines\HineJe00,SS,0,Ohio State,College Stats,6-1,219,4.59,31,19,,6.9,4.21,St. Louis Rams / 5th / 158th pick / 2011
29,2011,Will Hill\HillWi01,FS,15,Florida,College Stats,6-1,202,4.64,31,,123,,4.19,
30,2011,Brandon Harris\HarrBr00,CB,3,Miami (FL),College Stats,5-9,191,4.46,35.5,13,113,6.77,4.12,Houston Texans / 2nd / 60th pick / 2011
31,2011,Eric Hagg\HaggEr00,FS,3,Nebraska,College Stats,6-1,209,4.62,34.5,18,121,6.73,4.19,Cleveland Browns / 7th / 248th pick / 2011
32,2011,DeJon Gomes\GomeDe00,SS,5,Nebraska,College Stats,5-11,208,4.5,31,13,110,,,Washington Redskins / 5th / 146th pick / 2011
33,2011,Marcus Gilchrist\GilcMa00,CB,32,Clemson,College Stats,5-10,195,4.45,38.5,26,119,6.81,4.12,San Diego Chargers / 2nd / 50th pick / 2011
34,2011,Ras-I Dowling\DowlRa00,CB,1,Virginia,College Stats,6-1,198,4.4,,19,,,,New England Patriots / 2nd / 33rd pick / 2011
35,2011,Chris Culliver\CullCh00,CB,13,South Carolina,College Stats,6-0,199,4.36,38.5,,123,6.88,4.08,San Francisco 49ers / 3rd / 80th pick / 2011
36,2011,Chris Conte\ContCh00,FS,32,California,College Stats,6-2,197,4.52,35.5,18,127,7.01,4.19,Chicago Bears / 3rd / 93rd pick / 2011
37,2011,Chimdi Chekwa\ChekCh00,CB,2,Ohio State,College Stats,6-0,191,4.38,34.5,,126,,,Oakland Raiders / 4th / 113th pick / 2011
38,2011,Quinton Carter\CartQu01,FS,5,Oklahoma,College Stats,6-1,208,4.57,34.5,23,121,7.05,4.06,Denver Broncos / 4th / 108th pick / 2011
39,2011,Roc Carmichael\CarmRa00,CB,,Clemson,College Stats,5-10,192,4.41,31,13,116,6.69,4.06,
40,2011,Mario Butler\ButlMa00,CB,1,Georgia Tech,College Stats,6-0,182,4.65,30.5,,120,7.09,4.37,
41,2011,Brandon Burton\BurtBr00,CB,1,Utah,College Stats,6-0,190,4.5,32,18,118,6.93,4.07,Minnesota Vikings / 5th / 139th pick / 2011
42,2011,Kendric Burney\BurnKe00,CB,0,North Carolina,College Stats,5-9,186,4.71,32.5,14,112,,,
43,2011,Jalil Brown\BrowJa00,CB,4,Colorado,College Stats,6-1,204,4.52,35.5,24,116,6.85,4.25,Kansas City Chiefs / 4th / 118th pick / 2011
44,2011,Curtis Brown\BrowCu01,CB,2,Texas,College Stats,6-0,185,4.51,39.5,10,128,6.59,4,Pittsburgh Steelers / 3rd / 95th pick / 2011
45,2011,Chykie Brown\BrowCh05,CB,5,Texas,College Stats,5-11,190,4.49,36.5,,120,6.5,4,Baltimore Ravens / 5th / 164th pick / 2011
46,2011,Ahmad Black\BlacAh00,SS,3,Florida,College Stats,5-9,184,4.7,35.5,18,119,6.85,4.2,Tampa Bay Buccaneers / 5th / 151st pick / 2011
47,2011,Prince Amukamara\AmukPr00,CB,28,Nebraska,College Stats,6-0,206,4.38,38,15,128,6.97,4.08,New York Giants / 1st / 19th pick / 2011
48,2011,Cortez Allen\AlleCo00,CB,11,Citadel,,6-1,197,4.5,35.5,18,129,6.76,4.01,Pittsburgh Steelers / 4th / 128th pick / 2011
49,2011,Nate Williams,SS,,Washington,College Stats,6-0,211,4.68,30.5,17,114,6.98,4.15,
50,2011,Deunta Williams,FS,,North Carolina,College Stats,6-2,205,4.53,,,,,,
51,2011,Devon Torrence,CB,,Ohio State,College Stats,6-0,199,4.68,33,,111,6.95,4.09,
52,2011,Jerrard Tarrant,FS,,Georgia Tech,College Stats,6-0,204,4.57,33,14,114,6.92,4.21,
53,2011,Niles Brinkley,CB,,Wisconsin,College Stats,5-9,193,4.54,33.5,15,120,7.23,,
54,2011,Vance Cuff,CB,,Georgia,College Stats,5-10,178,4.53,36,,120,6.91,4.09,
55,2011,DeAndre McDaniel,SS,,Clemson,College Stats,6-0,217,4.63,35,,116,,,
56,2011,Andrew McGee,CB,,Oklahoma State,College Stats,5-11,195,4.71,34,,117,,,
57,2010,Major Wright\WrigMa99,FS,21,Florida,College Stats,5-11,206,4.44,37.5,14,119,6.95,4.36,Chicago Bears / 3rd / 75th pick / 2010
58,2010,Kyle Wilson\WilsKy99,CB,16,Boise State,College Stats,5-10,194,4.43,,25,,,,New York Jets / 1st / 29th pick / 2010
59,2010,Donovan Warren\WarrDo01,FS,,Michigan,College Stats,5-11,193,4.62,,12,113,,,
60,2010,T.J. Ward\WardT.99,SS,45,Oregon,College Stats,5-10,211,4.56,34,19,121,,,Cleveland Browns / 2nd / 38th pick / 2010
61,2010,Jamar Wall\WallJa99,CB,0,Texas Tech,College Stats,5-10,204,4.52,,15,,,,Dallas Cowboys / 6th / 196th pick / 2010
62,2010,Alterraun Verner\VernAl99,CB,37,UCLA,College Stats,5-10,189,4.52,32,11,116,6.7,4.12,Tennessee Titans / 4th / 104th pick / 2010
63,2010,Walter Thurmond\ThurWa99,CB,12,Oregon,College Stats,5-11,189,4.53,,,,,,Seattle Seahawks / 4th / 111th pick / 2010
64,2010,Syd'Quan Thompson\ThomSy99,CB,1,California,College Stats,5-9,186,4.75,33,,117,6.73,4.26,Denver Broncos / 7th / 225th pick / 2010
65,2010,Kevin Thomas\ThomKe99,CB,2,Southern California,College Stats,6-0,192,4.41,34.5,19,126,6.82,4.18,Indianapolis Colts / 3rd / 94th pick / 2010
66,2010,Earl Thomas\ThomEa99,CB,83,Texas,College Stats,5-10,208,4.43,,21,113,,,Seattle Seahawks / 1st / 14th pick / 2010
67,2010,Darrell Stuckey\StucDa20,SS,9,Kansas,College Stats,5-11,205,4.46,39.5,17,120,,,San Diego Chargers / 4th / 110th pick / 2010
68,2010,Darian Stewart\StewDa00,SS,37,South Carolina,College Stats,5-11,213,4.53,37,12,122,,4.32,
69,2010,Amari Spievey\SpieAm99,CB,12,Iowa,College Stats,5-11,195,4.52,35,,116,,,Detroit Lions / 3rd / 66th pick / 2010
70,2010,Patrick Robinson\RobiPa99,CB,25,Florida State,College Stats,5-11,190,4.46,39,15,122,6.78,,New Orleans Saints / 1st / 32nd pick / 2010
71,2010,Nick Polk\PolkNi00,FS,,Indiana,College Stats,5-11,211,4.55,38,14,121,,,
72,2010,David Pender\PendDa00,CB,0,Purdue,College Stats,6-0,180,4.37,39,8,124,,,
73,2010,Akwasi Owusu-Ansah\OwusAk99,CB,1,Indiana (PA),,6-0,207,4.32,35.5,,120,6.84,4.32,Dallas Cowboys / 4th / 126th pick / 2010
74,2010,Chad Jones,SS,,LSU,College Stats,6-2,221,4.59,36,9,115,6.83,4.14,New York Giants / 3rd / 76th pick / 2010
75,2010,Jerome Murphy\MurpJe99,CB,3,South Florida,College Stats,6-0,196,4.5,38,16,127,6.87,4.05,St. Louis Rams / 3rd / 65th pick / 2010
76,2010,Joshua Moore\MoorJo99,CB,0,Kansas State,College Stats,5-11,188,4.5,36.5,2,122,6.74,4.07,Chicago Bears / 5th / 141st pick / 2010
77,2010,Sherrick McManis\McMaSh99,CB,9,Northwestern,College Stats,5-11,195,4.48,,,,,,Houston Texans / 5th / 144th pick / 2010
78,2010,Devin McCourty\McCoDe99,CB,60,Rutgers,College Stats,5-11,193,4.38,36,16,126,6.7,4.07,New England Patriots / 1st / 27th pick / 2010
79,2010,Kyle McCarthy\McCaKy00,SS,0,Notre Dame,College Stats,6-0,205,4.58,34,24,117,6.74,4.13,
80,2010,Taylor Mays\MaysTa99,FS,10,Southern California,College Stats,6-3,230,4.31,41,24,125,,,San Francisco 49ers / 2nd / 49th pick / 2010
81,2010,Trevard Lindley\LindTr99,CB,1,Kentucky,College Stats,5-11,183,4.51,38.5,9,116,6.81,4.27,Philadelphia Eagles / 4th / 105th pick / 2010
82,2010,Myron Lewis\LewiMy99,FS,1,Vanderbilt,College Stats,6-2,203,4.42,37,10,126,,,Tampa Bay Buccaneers / 3rd / 67th pick / 2010
83,2010,Kendrick Lewis\LewiKe00,FS,31,Mississippi,College Stats,6-0,198,4.73,31.5,16,116,6.88,4.33,Kansas City Chiefs / 5th / 136th pick / 2010
84,2010,Reshad Jones\JoneRe99,SS,45,Georgia,College Stats,6-1,214,4.51,39.5,24,118,7.43,4.54,Miami Dolphins / 5th / 163rd pick / 2010
85,2010,A.J. Jefferson\JeffA.00,CB,8,Fresno State,College Stats,6-0,193,4.42,44,7,126,6.72,4,
86,2010,Kareem Jackson\JackKa99,CB,43,Alabama,College Stats,5-10,196,4.4,37.5,13,118,6.92,4.14,Houston Texans / 1st / 20th pick / 2010
87,2010,Brian Jackson\JackBr01,CB,1,Oklahoma,College Stats,6-1,202,4.65,35.5,20,120,6.76,4.22,
88,2010,Chris Hawkins\HawkCh00,CB,1,LSU,College Stats,6-0,187,4.43,35,16,118,6.91,4.46,
89,2010,Joe Haden\HadeJo99,CB,49,Florida,College Stats,5-11,193,4.52,35,18,125,6.94,4.34,Cleveland Browns / 1st / 7th pick / 2010
91,2010,Marshay Green\GreeMa01,CB,0,Mississippi,College Stats,5-9,180,4.52,35.5,,124,6.66,4.11,
92,2010,Brandon Ghee\GheeBr99,CB,3,Wake Forest,College Stats,6-0,192,4.37,37,15,127,6.75,4.07,Cincinnati Bengals / 3rd / 96th pick / 2010
93,2010,Dominique Franks\FranDo99,CB,6,Oklahoma,College Stats,5-11,194,4.46,33.5,10,117,7.32,4.33,Atlanta Falcons / 5th / 135th pick / 2010
94,2010,Perrish Cox\CoxxPe99,CB,21,Oklahoma State,College Stats,5-11,195,4.58,32.5,12,113,,,Denver Broncos / 5th / 137th pick / 2010
95,2010,Chris Cook\CookCh99,CB,9,Virginia,College Stats,6-2,212,4.45,38,7,132,6.88,4.23,Minnesota Vikings / 2nd / 34th pick / 2010
96,2010,Kurt Coleman\ColeKu99,SS,35,Ohio State,College Stats,5-10,192,4.55,,19,,,,Philadelphia Eagles / 7th / 244th pick / 2010
97,2010,Barry Church\ChurBa99,SS,30,Toledo,College Stats,6-1,222,4.69,36,19,121,6.65,4.17,
98,2010,Kam Chancellor\ChanKa99,FS,51,Virginia Tech,College Stats,6-3,231,4.62,32,22,116,7.36,4.41,Seattle Seahawks / 5th / 133rd pick / 2010
99,2010,Nolan Carroll\CarrNo00,CB,24,Maryland,College Stats,5-11,204,4.42,,,,,,Miami Dolphins / 5th / 145th pick / 2010
100,2010,Crezdon Butler\ButlCr99,CB,2,Clemson,College Stats,6-0,191,4.43,39.5,17,121,7.08,4.23,Pittsburgh Steelers / 5th / 164th pick / 2010
101,2010,Morgan Burnett\BurnMo99,FS,35,Georgia Tech,College Stats,6-1,209,4.51,,16,,,,Green Bay Packers / 3rd / 71st pick / 2010
102,2010,Cornelius Brown\BrowCo00,CB,1,Texas-El Paso,College Stats,5-11,198,4.59,31.5,11,118,6.87,4.24,
103,2010,Eric Berry\BerrEr99,FS,53,Tennessee,College Stats,6-0,211,4.4,43,19,130,6.8,4.23,Kansas City Chiefs / 1st / 5th pick / 2010
104,2010,Larry Asante\AsanLa99,SS,2,Nebraska,College Stats,6-0,212,4.62,37.5,14,118,7,4.17,Cleveland Browns / 5th / 160th pick / 2010
105,2010,Javier Arenas\ArenJa99,CB,8,Alabama,College Stats,5-9,197,4.6,,,112,,,Kansas City Chiefs / 2nd / 50th pick / 2010
106,2010,Jonathon Amaya\AmayJo00,FS,3,Nebraska,College Stats,6-1,203,4.43,28,8,118,,,
107,2010,Nate Allen\AlleNa99,FS,33,South Florida,College Stats,6-0,207,4.5,,16,,,,Philadelphia Eagles / 2nd / 37th pick / 2010
108,2010,Justin Woodall,SS,,Alabama,College Stats,6-1,223,4.64,34,13,118,6.88,4.17,
109,2010,Stephan Virgil,CB,,Virginia Tech,College Stats,5-11,183,4.69,34,12,113,7.11,4.35,
110,2010,Devin Ross,CB,,Arizona,College Stats,5-10,183,4.64,40,16,119,7.07,,
111,2010,Myron Rolle,SS,,Florida State,,6-2,215,4.59,36,21,124,6.94,4.15,
112,2010,Lucien Antoine,SS,,Oklahoma State,College Stats,6-0,215,4.62,32,28,120,7.38,4.47,
113,2010,Chris Chancellor,CB,,Clemson,College Stats,5-9,177,4.49,34,14,115,6.85,4.07,
114,2010,Harry Coleman,SS,,LSU,College Stats,6-1,211,4.56,33,13,115,7.24,4.42,
115,2010,Josh Pinkard,FS,,Southern California,College Stats,6-1,214,4.58,,,,,,
116,2010,Dennis Rogan,FS,,Tennessee,College Stats,5-9,185,4.73,38,,118,,4.1,
117,2009,DeAndre Wright\WrigDe99,CB,,New Mexico,College Stats,5-11,198,4.52,34.5,17,122,7,4.44,New York Giants / 6th / 200th pick / 2009
118,2009,Jahi Word-Daniels\WordJa99,CB,0,Georgia Tech,College Stats,6-0,197,4.59,35.5,24,122,,,
119,2009,Lardarius Webb\WebbLa99,CB,42,Nicholls State,,5-10,179,4.35,36.5,15,121,6.77,4.1,Baltimore Ravens / 3rd / 88th pick / 2009
120,2009,Donald Washington\WashDo98,CB,2,Ohio State,College Stats,6-0,197,4.5,45,9,135,6.84,4.2,Kansas City Chiefs / 4th / 102nd pick / 2009
121,2009,Chip Vaughn\VaugCh99,SS,0,Wake Forest,College Stats,6-1,221,4.42,37,21,125,7.03,4.12,New Orleans Saints / 4th / 116th pick / 2009
122,2009,Brandon Underwood\UndeBr99,FS,2,Cincinnati,College Stats,6-1,198,4.48,36.5,16,125,7,4.2,Green Bay Packers / 6th / 187th pick / 2009
123,2009,Morgan Trent\TrenMo99,CB,4,Michigan,College Stats,6-1,193,4.5,38,23,127,7.05,4.01,Cincinnati Bengals / 6th / 179th pick / 2009
124,2009,Curtis Taylor\TaylCu99,FS,1,LSU,College Stats,6-2,209,4.49,37.5,13,129,7.25,4.23,San Francisco 49ers / 7th / 219th pick / 2009
125,2009,C.J. Spillman\SpilCJ99,FS,6,Marshall,College Stats,6-0,197,4.45,41.5,,122,7.05,4.33,
126,2009,Sean Smith\SmitSe99,CB,46,Utah,College Stats,6-3,214,4.47,34,10,119,6.92,4.15,Miami Dolphins / 2nd / 61st pick / 2009
127,2009,DeAngelo Smith\SmitDe98,CB,1,Cincinnati,College Stats,5-11,194,4.5,31.5,17,109,7.27,4.35,Dallas Cowboys / 5th / 143rd pick / 2009
128,2009,Alphonso Smith\SmitAl98,CB,8,Wake Forest,College Stats,5-9,193,4.47,34,13,125,7.09,4.38,Denver Broncos / 2nd / 37th pick / 2009
129,2009,Lydell Sargeant\SargLy99,CB,,Penn State,College Stats,5-9,190,4.48,35,15,117,7,4.21,
130,2009,Jamarca Sanford\SanfJa99,SS,19,Mississippi,College Stats,5-10,214,4.43,33.5,29,116,7.02,4.2,Minnesota Vikings / 7th / 231st pick / 2009
131,2009,Glover Quin\QuinGl99,FS,57,New Mexico,College Stats,5-11,204,4.5,38,22,119,7.39,4.43,Houston Texans / 4th / 112th pick / 2009
132,2009,Jerraud Powers\PoweJe99,CB,33,Auburn,College Stats,5-9,188,4.43,36.5,15,122,7.09,4.08,Indianapolis Colts / 3rd / 92nd pick / 2009
133,2009,Chris Owens\OwenCh99,CB,12,San Jose State,College Stats,5-10,181,4.44,34.5,14,110,6.93,4.16,Atlanta Falcons / 3rd / 90th pick / 2009
134,2009,Wopamo Osaisai\OsaiWo99,CB,,Stanford,College Stats,5-10,197,4.44,,14,,,,
135,2009,Troy Nolan\NolaTr99,FS,5,Arizona State,College Stats,6-0,206,4.58,31.5,12,117,7.06,4.3,Houston Texans / 7th / 223rd pick / 2009
136,2009,Captain Munnerlyn\MunnCa99,CB,39,South Carolina,College Stats,5-8,182,4.41,37.5,19,121,7.15,4.2,Carolina Panthers / 7th / 216th pick / 2009
137,2009,Ryan Mouton\MoutRy99,CB,3,Hawaii,College Stats,5-9,187,4.47,39.5,18,129,,,Tennessee Titans / 3rd / 94th pick / 2009
138,2009,William Moore\MoorWi99,SS,32,Missouri,College Stats,6-0,221,4.49,37,16,123,6.81,4.26,Atlanta Falcons / 2nd / 55th pick / 2009
139,2009,D.J. Moore\MoorDJ99,CB,6,Vanderbilt,College Stats,5-9,192,4.56,39.5,17,118,7.01,4.28,Chicago Bears / 4th / 119th pick / 2009
140,2009,Mike Mickens\MickMi99,CB,,Cincinnati,College Stats,5-11,184,4.53,,,,,,Dallas Cowboys / 7th / 227th pick / 2009
141,2009,Darcel McBath\McBaDa99,FS,3,Texas Tech,College Stats,6-0,198,4.53,38,14,119,6.8,4.16,Denver Broncos / 2nd / 48th pick / 2009
142,2009,Sherrod Martin\MartSh99,CB,18,Troy,College Stats,6-1,198,4.43,36,12,123,6.6,3.98,Carolina Panthers / 2nd / 59th pick / 2009
143,2009,Keenan Lewis\LewiKe96,CB,24,Oregon State,College Stats,6-1,208,4.47,33.5,19,123,,,Pittsburgh Steelers / 3rd / 96th pick / 2009
144,2009,Rashad Johnson\JohnRa98,FS,27,Alabama,College Stats,5-11,203,4.49,37,15,120,7.09,4.23,Arizona Cardinals / 3rd / 95th pick / 2009
145,2009,D.J. Johnson\JohnDo99,CB,0,Michigan State,,6-1,197,4.5,32,7,116,7,4.3,
146,2009,Bruce Johnson\JohnBr97,CB,3,Miami (FL),College Stats,5-9,170,4.42,34.5,6,125,6.71,4.05,
147,2009,Malcolm Jenkins\JenkMa99,CB,62,Ohio State,College Stats,6-0,204,4.51,33,15,124,6.59,4.08,New Orleans Saints / 1st / 14th pick / 2009
148,2009,Brandon Hughes\HughBr99,CB,2,Oregon State,College Stats,5-10,182,4.4,36.5,8,128,6.9,4.23,San Diego Chargers / 5th / 148th pick / 2009
149,2009,Lendy Holmes\HolmLe99,FS,0,Oklahoma,College Stats,6-0,206,4.65,32,16,112,7.28,4.32,
150,2009,Victor Harris\HarrVi99,CB,3,Virginia Tech,College Stats,5-11,198,4.46,33.5,,118,6.68,3.98,Philadelphia Eagles / 5th / 157th pick / 2009
151,2009,Cary Harris\HarrCa99,CB,1,Southern California,College Stats,5-11,187,4.66,,18,,,,Buffalo Bills / 6th / 183rd pick / 2009
152,2009,Michael Hamlin\HamlMi99,SS,0,Clemson,College Stats,6-2,214,4.57,37.5,17,117,7.14,4.42,Dallas Cowboys / 5th / 166th pick / 2009
153,2009,Courtney Greene\GreeCo99,SS,5,Rutgers,College Stats,6-0,212,4.55,34.5,21,116,7.35,4.16,Seattle Seahawks / 7th / 245th pick / 2009
154,2009,Coye Francies\FranCo99,CB,1,San Jose State,College Stats,6-0,185,4.63,36,24,123,6.81,4.24,Cleveland Browns / 6th / 191st pick / 2009
155,2009,Bradley Fletcher\FletBr99,CB,26,Iowa,College Stats,6-0,196,4.44,38.5,20,122,7.04,4.29,St. Louis Rams / 3rd / 66th pick / 2009
156,2009,Louis Delmas\DelmLo99,FS,29,Western Michigan,College Stats,5-11,202,4.52,37,12,126,6.67,4.17,Detroit Lions / 2nd / 33rd pick / 2009
157,2009,Vontae Davis\DaviVo99,CB,49,Illinois,College Stats,5-11,203,4.4,36,25,125,6.75,4.07,Miami Dolphins / 1st / 25th pick / 2009
158,2009,Emanuel Cook\CookEm99,SS,0,South Carolina,,5-10,197,4.57,35,18,116,,,
159,2009,Chris Clemons\ClemCh97,FS,20,Clemson,College Stats,6-0,208,4.33,37.5,19,127,7.27,4.38,Miami Dolphins / 5th / 165th pick / 2009
160,2009,Patrick Chung\ChunPa99,SS,37,Oregon,College Stats,5-11,212,4.49,34,25,119,,,New England Patriots / 2nd / 34th pick / 2009
161,2009,Don Carey\CareDo00,CB,13,Norfolk State,,5-11,192,4.49,,18,,,,Cleveland Browns / 6th / 177th pick / 2009
162,2009,Jairus Byrd\ByrdJa99,CB,46,Oregon,College Stats,5-10,207,4.68,,,,,,Buffalo Bills / 2nd / 42nd pick / 2009
163,2009,Darius Butler\ButlDa99,CB,26,Connecticut,College Stats,5-10,183,4.41,43,,134,6.92,4.18,New England Patriots / 2nd / 41st pick / 2009
164,2009,Joe Burnett\BurnJo99,CB,1,Central Florida,College Stats,5-9,192,4.58,35.5,22,118,6.68,4.25,Pittsburgh Steelers / 5th / 168th pick / 2009
165,2009,David Bruton\BrutDa99,FS,11,Notre Dame,College Stats,6-2,219,4.4,41.5,19,132,6.6,4.28,Denver Broncos / 4th / 114th pick / 2009
166,2009,Kevin Barnes\BarnKe99,CB,3,Maryland,College Stats,6-0,187,4.45,38.5,,128,6.72,3.96,Washington Redskins / 3rd / 80th pick / 2009
167,2009,Asher Allen\AlleAs99,CB,9,Georgia,College Stats,5-9,194,4.48,35,22,115,6.93,4.3,Minnesota Vikings / 3rd / 86th pick / 2009
168,2009,Otis Wiley,SS,,Michigan State,College Stats,6-1,213,4.64,,,,,,
169,2009,Derek Pegues,FS,,Mississippi State,College Stats,5-10,199,4.54,36,23,119,7.08,4.3,
170,2009,Marcus McClinton,FS,,Kentucky,College Stats,6-0,210,4.49,37,16,120,7.45,4.22,
171,2009,Ryan Palmer,CB,,Texas,,5-8,190,4.54,36.5,16,121,7.12,4.29,
1,2008,Tom Zbikowski\ZbikTo99,SS,12,Notre Dame,College Stats,5-11,211,4.44,,24,,,,Baltimore Ravens / 3rd / 86th pick / 2008
2,2008,Trae Williams\WillTr97,CB,,South Florida,College Stats,5-9,193,4.51,29.5,,110,,,Jacksonville Jaguars / 5th / 159th pick / 2008
3,2008,Jack Williams\WillJa96,CB,2,Kent State,College Stats,5-9,186,4.43,35.5,19,121,6.91,,Denver Broncos / 4th / 119th pick / 2008
4,2008,Jonathan Wilhite\WilhJo99,CB,10,Auburn,College Stats,5-9,185,4.38,33.5,20,119,,,New England Patriots / 4th / 129th pick / 2008
5,2008,Terrence Wheatley\WheaTe99,CB,1,Colorado,College Stats,5-10,187,4.37,36.5,17,128,6.74,4.17,New England Patriots / 2nd / 62nd pick / 2008
6,2008,Justin Tryon\TryoJu99,CB,7,Arizona State,College Stats,5-9,190,4.42,32.5,21,119,7.41,4.28,Washington Redskins / 4th / 124th pick / 2008
7,2008,DeJuan Tribble\TribDe99,CB,,Boston College,College Stats,5-9,189,4.59,32,13,114,,,San Diego Chargers / 6th / 192nd pick / 2008
8,2008,Terrell Thomas\ThomTe99,CB,18,Southern California,College Stats,6-0,202,4.45,30.5,14,123,7.18,,New York Giants / 2nd / 63rd pick / 2008
9,2008,Aqib Talib\TaliAq99,CB,76,Kansas,College Stats,6-1,202,4.44,38,10,131,6.82,4.22,Tampa Bay Buccaneers / 1st / 20th pick / 2008
10,2008,Craig Steltz\StelCr99,SS,7,LSU,College Stats,6-1,213,4.63,,,,,,Chicago Bears / 4th / 120th pick / 2008
11,2008,Reggie Smith\SmitRe99,CB,6,Oklahoma,College Stats,6-0,199,4.61,,13,,,,San Francisco 49ers / 3rd / 75th pick / 2008
12,2008,Jamie Silva\SilvJa99,SS,2,Boston College,College Stats,5-11,204,4.78,31.5,,112,,,
13,2008,Orlando Scandrick\ScanOr99,CB,29,Boise State,College Stats,5-10,192,4.32,33.5,,125,6.83,,Dallas Cowboys / 5th / 143rd pick / 2008
14,2008,Dominique Rodgers-Cromartie\RodgDo99,CB,61,Tennessee State,,6-1,184,4.29,38.5,17,131,6.74,4.17,Arizona Cardinals / 1st / 16th pick / 2008
15,2008,David Roach\RoacDa00,FS,1,TCU,College Stats,6-0,210,4.53,38,16,123,6.88,4.15,
16,2008,Tracy Porter\PortTr99,CB,35,Indiana,College Stats,5-11,188,4.37,34,18,123,7.2,4.07,New Orleans Saints / 2nd / 40th pick / 2008
17,2008,Kenny Phillips\PhilKe99,FS,17,Miami (FL),College Stats,6-2,212,4.48,32.5,19,121,6.97,4.27,New York Giants / 1st / 31st pick / 2008
18,2008,DaJuan Morgan\MorgDa98,FS,3,North Carolina State,College Stats,6-0,205,4.5,33,21,119,7.12,4.41,Kansas City Chiefs / 3rd / 82nd pick / 2008
19,2008,Antwaun Molden\MoldAn99,CB,4,Eastern Kentucky,,6-1,198,4.39,37.5,23,129,6.85,4.14,Houston Texans / 3rd / 79th pick / 2008
20,2008,Leodis McKelvin\McKeLe99,CB,35,Troy,College Stats,5-10,190,4.38,33.5,17,121,7.06,4.1,Buffalo Bills / 1st / 11th pick / 2008
21,2008,Dwight Lowery\LoweDw99,CB,40,San Jose State,College Stats,5-11,201,4.54,33.5,16,116,7.31,4.38,New York Jets / 4th / 113th pick / 2008
22,2008,Justin King\KingJu99,CB,10,Penn State,College Stats,5-11,192,4.31,34,14,127,7.14,4.31,St. Louis Rams / 4th / 101st pick / 2008
23,2008,Tyrell Johnson\JohnTy99,SS,12,Arkansas State,College Stats,6-0,207,4.41,32,27,127,,,Minnesota Vikings / 2nd / 43rd pick / 2008
24,2008,Mike Jenkins\JenkMi99,CB,30,South Florida,College Stats,5-10,197,4.38,34,18,117,7.21,4.4,Dallas Cowboys / 1st / 25th pick / 2008
25,2008,Chevis Jackson\JackCh99,CB,4,LSU,College Stats,6-0,192,4.52,36,13,125,6.96,4.15,Atlanta Falcons / 3rd / 68th pick / 2008
26,2008,Jack Ikegwuonu\IkegJa99,CB,0,Wisconsin,College Stats,5-10,194,4.44,,,,,,Philadelphia Eagles / 4th / 131st pick / 2008
27,2008,Chris Horton\HortCh99,SS,8,UCLA,College Stats,6-0,212,4.54,28.5,14,109,7.34,4.35,Washington Redskins / 7th / 249th pick / 2008
28,2008,Charles Godfrey\GodfCh99,CB,31,Iowa,College Stats,6-0,207,4.43,32.5,14,121,7.28,4.4,Carolina Panthers / 3rd / 67th pick / 2008
29,2008,Wilrey Fontenot\FontWi99,CB,,Arizona,College Stats,5-9,171,4.4,34,18,128,7.29,4.26,Atlanta Falcons / 7th / 212th pick / 2008
30,2008,Brandon Flowers\FlowBr99,CB,46,Virginia Tech,College Stats,5-10,189,4.55,30,14,117,,,Kansas City Chiefs / 2nd / 35th pick / 2008
31,2008,Quintin Demps\DempQu99,FS,26,Texas-El Paso,College Stats,6-0,206,4.39,31.5,16,110,,,Philadelphia Eagles / 4th / 117th pick / 2008
32,2008,Thomas DeCoud\DeCoTh99,FS,40,California,College Stats,6-1,207,4.5,35.5,,122,6.85,4.27,Atlanta Falcons / 3rd / 98th pick / 2008
33,2008,Simeon Castille\CastSi20,FS,1,Alabama,College Stats,6-0,195,4.63,31.5,,119,7.07,4.36,
34,2008,Antoine Cason\CasoAn99,CB,30,Arizona,College Stats,6-0,191,4.45,35.5,20,128,,4.08,San Diego Chargers / 1st / 27th pick / 2008
35,2008,Caleb Campbell\CampCa00,SS,0,Army,College Stats,6-2,229,4.57,,24,,,,Detroit Lions / 7th / 218th pick / 2008
36,2008,Tyvon Branch\BranTy99,CB,31,Connecticut,College Stats,5-11,204,4.31,34,19,120,,4.4,Oakland Raiders / 4th / 100th pick / 2008
37,2008,Zackary Bowman\BowmZa20,CB,17,Nebraska,College Stats,6-0,197,4.39,30.5,18,122,7.1,4.21,Chicago Bears / 5th / 142nd pick / 2008
38,2008,Josh Barrett\BarrJo99,SS,3,Arizona State,College Stats,6-2,223,4.34,31.5,17,121,7.07,4.27,Denver Broncos / 7th / 220th pick / 2008
39,2008,Dominique Barber\BarbDo99,FS,5,Minnesota,College Stats,6-0,210,4.68,34,23,117,7.08,4.34,Houston Texans / 6th / 173rd pick / 2008
40,2008,Jamar Adams\AdamJa20,SS,0,Michigan,College Stats,6-2,212,4.59,34,,121,6.9,4.49,
41,2008,Husain Abdullah\AbduHu99,FS,21,Washington State,College Stats,6-0,204,4.63,32.5,16,115,7.07,,
42,2008,Jonathan Zenon,CB,,LSU,College Stats,6-0,191,4.48,33,,,,,
43,2008,D.J. Wolfe,SS,,Oklahoma,College Stats,5-11,207,4.61,28,,112,7.02,4.32,
44,2008,Nehemiah Warrick,FS,,Michigan State,College Stats,6-1,211,4.51,29.5,16,119,6.98,4.09,
45,2008,Marcus Walker,CB,,Oklahoma,College Stats,5-10,191,4.46,35.5,,122,6.8,4.07,
46,2008,Darnell Terrell,CB,,Missouri,College Stats,6-2,203,4.46,34,15,125,,,
47,2008,Brandon Sumrall,CB,,Southern Miss,College Stats,5-10,195,4.6,30.5,,123,6.76,4.1,
48,2008,Glenn Sharpe,CB,,Miami (FL),College Stats,6-0,184,4.52,37,15,,,,
49,2008,Matterral Richardson,CB,,Arkansas,College Stats,5-11,194,4.64,,14,114,7.01,4.36,
50,2008,Brian Bonner,SS,,TCU,College Stats,5-11,196,4.61,31,17,113,7.21,4.43,
51,2008,Michael Grant,CB,,Arkansas,College Stats,5-10,186,4.37,30.5,14,116,7.08,4.1,
52,2008,Marcus Griffin,FS,,Texas,College Stats,5-10,201,4.69,31.5,13,119,7.09,4.32,
53,2008,Jonathan Hefney,FS,,Tennessee,College Stats,5-8,190,4.52,29,14,117,7.1,4.44,
54,2008,Dennis Keyes,FS,,UCLA,College Stats,6-1,205,4.59,30.5,15,112,7.25,4.41,
55,2008,Pat Lee,CB,,Colorado,,6-0,200,4.41,31,15,120,7.07,4.3,
56,2008,Justin McKinney,CB,,Kansas State,College Stats,5-9,188,4.53,29.5,11,109,,,
57,2008,D.J. Parker,FS,,Virginia Tech,College Stats,5-11,192,4.59,29,19,111,6.94,4.44,
58,2007,Eric Wright\WrigEr99,CB,35,UNLV,College Stats,5-11,192,4.36,36.5,16,123,6.93,4.23,Cleveland Browns / 2nd / 53rd pick / 2007
59,2007,Josh Wilson\WilsJo99,CB,40,Maryland,College Stats,5-9,189,4.39,36.5,20,120,7.07,4.43,Seattle Seahawks / 2nd / 55th pick / 2007
60,2007,C.J. Wilson\WilsC.99,CB,1,Baylor,College Stats,6-1,195,4.62,37.5,,127,6.81,4.2,Carolina Panthers / 7th / 226th pick / 2007
61,2007,Marvin White\WhitMa99,FS,8,TCU,College Stats,6-1,199,4.54,33.5,17,,,,Cincinnati Bengals / 4th / 114th pick / 2007
62,2007,John Wendling\WendJo99,FS,8,Wyoming,College Stats,6-1,222,4.48,38.5,22,129,6.96,4.16,Buffalo Bills / 6th / 184th pick / 2007
63,2007,Eric Weddle\WeddEr99,SS,93,Utah,College Stats,5-11,203,4.48,33.5,11,113,6.78,4.12,San Diego Chargers / 2nd / 37th pick / 2007
64,2007,Jonathan Wade\WadeJo99,CB,7,Tennessee,College Stats,5-10,195,4.36,40.5,,126,7.07,4.4,St. Louis Rams / 3rd / 84th pick / 2007
65,2007,Daren Stone\StonDa99,SS,2,Maine,,6-3,218,4.58,39,13,132,7.13,4.44,Atlanta Falcons / 6th / 203rd pick / 2007
67,2007,Aaron Ross\RossAa99,CB,23,Texas,College Stats,6-0,193,4.44,34,17,118,6.67,4.15,New York Giants / 1st / 20th pick / 2007
68,2007,Darrelle Revis\ReviDa99,CB,106,Pittsburgh,College Stats,5-11,204,4.38,,16,,,,New York Jets / 1st / 14th pick / 2007
69,2007,Sabby Piscitelli\PiscSa99,SS,11,Oregon State,College Stats,6-3,224,4.47,34.5,19,122,6.84,3.9,Tampa Bay Buccaneers / 2nd / 64th pick / 2007
70,2007,C.J. Gaddis,FS,,Clemson,College Stats,5-11,203,4.45,36.5,20,121,7.28,4.3,Philadelphia Eagles / 5th / 159th pick / 2007
71,2007,Kevin Payne\PaynKe99,FS,11,Louisiana-Monroe,College Stats,6-0,220,4.6,35,20,106,7,4.3,Chicago Bears / 5th / 167th pick / 2007
72,2007,Marcus Paschal\PascMa99,FS,0,Iowa,College Stats,6-0,201,4.59,33,15,,7.31,4.72,
73,2007,Ryan Smith,CB,,Florida,College Stats,5-10,174,4.51,,11,,,,Tennessee Titans / 6th / 206th pick / 2007
74,2007,Chad Nkang\NkanCh99,SS,1,Elon,,5-11,220,4.52,36.5,23,118,7.1,4.34,Jacksonville Jaguars / 7th / 251st pick / 2007
75,2007,Reggie Nelson\NelsRe99,FS,78,Florida,College Stats,5-11,198,4.48,34.5,,,,,Jacksonville Jaguars / 1st / 21st pick / 2007
76,2007,Chinedum Ndukwe\NdukCh99,FS,15,Notre Dame,College Stats,6-2,206,4.49,37.5,15,,,,Cincinnati Bengals / 7th / 253rd pick / 2007
77,2007,Brandon Meriweather\MeriBr99,FS,37,Miami (FL),College Stats,5-11,195,4.47,35,11,111,7.06,4.33,New England Patriots / 1st / 24th pick / 2007
78,2007,Brandon McDonald\McDoBr99,CB,16,Memphis,College Stats,5-11,181,4.58,33,17,118,7.44,4.76,Cleveland Browns / 5th / 140th pick / 2007
79,2007,Marcus McCauley\McCaMa99,CB,5,Fresno State,College Stats,6-1,203,4.39,36,17,129,6.61,4.17,Minnesota Vikings / 3rd / 72nd pick / 2007
80,2007,Trumaine McBride\McBrTr99,CB,15,Mississippi,College Stats,5-9,185,4.57,34.5,14,122,6.96,4.32,Chicago Bears / 7th / 221st pick / 2007
81,2007,LaRon Landry\LandLa99,FS,43,LSU,College Stats,6-0,213,4.35,37.5,,123,,,Washington Redskins / 1st / 6th pick / 2007
82,2007,Michael Johnson\JohnMi99,SS,15,Arizona,College Stats,6-3,205,4.62,33,15,114,7.04,4.32,New York Giants / 7th / 224th pick / 2007
83,2007,Tanard Jackson\JackTa99,FS,26,Syracuse,College Stats,6-0,200,4.52,32.5,12,121,6.89,4.28,Tampa Bay Buccaneers / 4th / 106th pick / 2007
84,2007,David Irons\IronDa99,CB,1,Auburn,College Stats,5-10,190,4.44,29.5,11,111,7.18,4.3,Atlanta Falcons / 6th / 194th pick / 2007
85,2007,Dante Hughes\HughDa99,CB,4,Texas Tech,,5-10,190,4.56,28.5,16,114,7.28,4.43,Indianapolis Colts / 3rd / 95th pick / 2007
86,2007,Chris Houston\HousCh99,CB,38,Arkansas,College Stats,5-10,185,4.32,36,27,122,6.94,4.12,Atlanta Falcons / 2nd / 41st pick / 2007
87,2007,Brandon Harrison\HarrBr99,SS,3,Stanford,College Stats,6-2,227,4.58,,23,,,,Houston Texans / 5th / 144th pick / 2007
88,2007,Leon Hall\HallLe98,CB,59,Michigan,College Stats,5-11,193,4.39,37.5,15,125,6.5,4.07,Cincinnati Bengals / 1st / 18th pick / 2007
89,2007,Michael Griffin\GrifMi99,SS,64,Texas,College Stats,6-0,202,4.45,36,16,120,6.6,4.1,Tennessee Titans / 1st / 19th pick / 2007
90,2007,Corey Graham\GrahCo99,CB,39,New Hampshire,,6-0,195,4.42,,10,,,,Chicago Bears / 5th / 168th pick / 2007
91,2007,Dashon Goldson\GoldDa99,FS,52,Washington,College Stats,6-2,205,4.6,34.5,12,115,7.37,4.46,San Francisco 49ers / 4th / 126th pick / 2007
92,2007,Josh Gattis\GattJo99,FS,0,Wake Forest,College Stats,6-1,206,4.51,34.5,22,121,6.72,4.27,Jacksonville Jaguars / 5th / 150th pick / 2007
93,2007,Eric Frampton\FramEr99,SS,6,Washington State,College Stats,5-11,204,4.61,34.5,10,122,6.84,4.17,Oakland Raiders / 5th / 165th pick / 2007
94,2007,A.J. Davis,CB,,North Carolina State,College Stats,5-10,193,4.56,,16,,,,Detroit Lions / 4th / 105th pick / 2007
95,2007,Craig Dahl\DahlCr99,SS,24,North Dakota State,,6-2,216,4.55,35,17,122,6.69,4.26,
96,2007,Michael Coe\CoexMi99,CB,3,Alabama State,,6-1,190,4.53,35,17,122,6.78,4.31,Indianapolis Colts / 5th / 173rd pick / 2007
97,2007,Tarell Brown\BrowTa99,CB,30,Texas,College Stats,5-11,190,4.45,33.5,17,111,7,4.37,San Francisco 49ers / 5th / 147th pick / 2007
98,2007,Tyron Brackenridge\BracTy99,CB,5,Washington State,College Stats,5-11,189,4.67,,,,,,
99,2007,Fred Bennett\BennFr99,CB,8,South Carolina,College Stats,6-1,196,4.46,38.5,17,125,6.67,4.3,Houston Texans / 4th / 123rd pick / 2007
100,2007,Gerald Alexander\AlexGe99,FS,11,Boise State,College Stats,6-0,210,4.51,41,15,124,7.24,4.21,Detroit Lions / 2nd / 61st pick / 2007
101,2007,Chaz Williams,CB,,Louisiana-Monroe,College Stats,5-11,196,4.68,32.5,13,108,,,
102,2007,Bo Smith,CB,,Weber State,,5-10,193,4.44,33.5,14,,,,
103,2007,Brandon Sharp,FS,,Louisville,College Stats,5-10,194,4.58,37.5,18,,,,
104,2007,Kenny Scott,CB,,Georgia Tech,College Stats,6-1,179,4.39,40,10,127,,,
105,2007,Anthony Arline,CB,,Baylor,College Stats,6-2,199,4.43,34.5,12,124,7.02,4.46,
106,2007,Travarous Bain,CB,,Hampton,,6-0,182,4.43,,10,,,,
107,2007,Zach Catanese,FS,,Arizona State,College Stats,6-2,225,4.6,,24,,,,
108,2007,Duane Coleman,CB,,Clemson,College Stats,5-9,199,4.57,35.5,18,120,7.18,4.51,
109,2007,Jessie Daniels,SS,,LSU,College Stats,5-11,216,4.54,,25,,,,
110,2007,DeAndre Jackson,CB,,Iowa State,College Stats,5-11,193,4.48,,14,,,,
111,2007,Reggie Lewis,CB,,Florida,College Stats,5-10,204,4.54,34,14,119,7.13,,
112,2007,J.D. Nelson,FS,,Oregon,College Stats,5-11,207,4.83,32.5,,111,7.29,4.53,
113,2007,Leonard Peters,FS,,Hawaii,College Stats,6-1,210,4.8,32.5,21,110,7.49,,
114,2006,Ashton Youboty\YoubAs20,CB,9,Ohio State,College Stats,6-0,189,4.44,,,,,,Buffalo Bills / 3rd / 70th pick / 2006
115,2006,Jimmy Williams\WillJi23,CB,4,Virginia Tech,College Stats,6-2,213,4.44,,,,,,Atlanta Falcons / 2nd / 37th pick / 2006
116,2006,Donte Whitner\WhitDo20,SS,63,Ohio State,College Stats,5-10,204,4.4,40,18,132,,,Buffalo Bills / 1st / 8th pick / 2006
117,2006,Demetrice Webb\WebbDe20,CB,1,Florida,,5-11,183,4.41,36.5,,121,,,Jacksonville Jaguars / 7th / 236th pick / 2006
118,2006,Pat Watkins\WatkPa20,FS,7,Florida State,College Stats,6-5,211,4.42,41,14,133,,,Dallas Cowboys / 5th / 138th pick / 2006
119,2006,Alan Zemaitis,CB,,Penn State,College Stats,6-1,194,4.57,,,,,,Tampa Bay Buccaneers / 4th / 122nd pick / 2006
120,2006,Eric Smith\SmitEr22,SS,18,Michigan State,College Stats,6-1,209,4.63,40,21,127,6.89,4.1,New York Jets / 3rd / 97th pick / 2006
121,2006,Anthony Smith\SmitAn21,FS,13,Syracuse,College Stats,6-0,194,4.71,41,18,125,6.75,4.35,Pittsburgh Steelers / 3rd / 83rd pick / 2006
122,2006,Ko Simpson\SimpKo20,FS,13,South Carolina,College Stats,6-1,209,4.45,40.5,11,122,7.09,4.17,Buffalo Bills / 4th / 105th pick / 2006
123,2006,Nate Salley\SallNa20,FS,2,Ohio State,College Stats,6-2,216,4.63,40,14,123,6.79,4.15,Carolina Panthers / 4th / 121st pick / 2006
124,2006,Bernard Pollard\PollBe20,SS,42,Purdue,College Stats,6-2,224,4.57,36.5,,131,,,Kansas City Chiefs / 2nd / 54th pick / 2006
125,2006,David Pittman\PittDa99,CB,1,Northwestern State,,5-11,182,4.44,36,14,128,,4.23,Baltimore Ravens / 3rd / 87th pick / 2006
126,2006,Anwar Phillips\PhilAn21,CB,0,Penn State,College Stats,6-0,193,4.6,,,,,,
127,2006,Charlie Peprah\PeprCh20,SS,12,Alabama,College Stats,5-11,206,4.66,37.5,15,119,6.81,4.09,New York Giants / 5th / 158th pick / 2006
128,2006,Jarrad Page\PageJa20,SS,20,UCLA,College Stats,6-0,239,4.63,38,,127,6.68,4.14,Kansas City Chiefs / 7th / 228th pick / 2006
129,2006,Gerrick McPhearson,CB,,Maryland,College Stats,5-10,196,4.42,41.5,18,129,,,New York Giants / 7th / 232nd pick / 2006
130,2006,Marcus Maxey\MaxeMa20,CB,0,Miami (FL),College Stats,6-1,198,4.48,41.5,14,129,,,Kansas City Chiefs / 5th / 154th pick / 2006
131,2006,Derrick Martin\MartDe22,CB,6,Wyoming,College Stats,5-10,202,4.5,40,17,127,6.72,3.95,Baltimore Ravens / 6th / 208th pick / 2006
132,2006,Richard Marshall\MarsRi20,CB,37,Fresno State,College Stats,5-11,189,4.42,37,12,129,6.65,4.16,Carolina Panthers / 2nd / 58th pick / 2006
133,2006,Danieal Manning\MannDa21,CB,44,Abilene Christian,,5-11,202,4.48,39,17,123,7.23,4.07,Chicago Bears / 2nd / 42nd pick / 2006
134,2006,Calvin Lowry\LowrCa20,SS,7,Penn State,College Stats,5-11,200,4.54,36,15,120,7.16,4.2,Tennessee Titans / 4th / 102nd pick / 2006
135,2006,Dawan Landry\LandDa21,SS,52,Georgia Tech,College Stats,6-1,220,4.64,37.5,18,124,,4.27,Baltimore Ravens / 5th / 146th pick / 2006
136,2006,Johnathan Joseph\JoseJo20,CB,79,South Carolina,,5-11,193,4.31,37,15,123,6.92,4.23,Cincinnati Bengals / 1st / 24th pick / 2006
137,2006,Tim Jennings\JennTi20,CB,50,Georgia,College Stats,5-8,185,4.32,37.5,17,117,,,Indianapolis Colts / 2nd / 62nd pick / 2006
138,2006,Kelly Jennings\JennKe20,CB,20,Miami (FL),College Stats,5-11,178,4.39,40,,120,,4,Seattle Seahawks / 1st / 31st pick / 2006
139,2006,Darrell Hunter\HuntDa23,CB,0,Miami (OH),College Stats,6-0,206,4.44,36,8,123,,4.11,
140,2006,Michael Huff\HuffMi20,SS,38,Texas,College Stats,6-0,204,4.34,40.5,21,125,,,Oakland Raiders / 1st / 7th pick / 2006
141,2006,Marcus Hudson\HudsMa20,FS,5,North Carolina State,College Stats,6-1,194,4.55,,11,,,,San Francisco 49ers / 6th / 192nd pick / 2006
142,2006,Tye Hill\HillTy20,CB,10,Clemson,College Stats,5-10,185,4.34,41,,129,6.63,4.01,St. Louis Rams / 1st / 15th pick / 2006
143,2006,Roman Harper\HarpRo21,FS,59,Alabama,College Stats,6-0,198,4.5,,19,,,,New Orleans Saints / 2nd / 43rd pick / 2006
144,2006,Cedric Griffin\GrifCe20,FS,29,Texas,College Stats,6-0,199,4.51,35.5,17,125,6.84,4.1,Minnesota Vikings / 2nd / 48th pick / 2006
145,2006,Charles Gordon\GordCh20,CB,4,Kansas,College Stats,5-10,183,4.6,35.5,12,115,6.95,4.2,
146,2006,Reed Doughty\DougRe20,FS,23,Northern Colorado,,6-0,209,4.65,37,15,121,6.66,4.17,Washington Redskins / 6th / 173rd pick / 2006
147,2006,Dee McCann,CB,,West Virginia,College Stats,5-11,197,4.53,40.5,,122,7.35,4.38,Detroit Lions / 6th / 179th pick / 2006
149,2006,DeMario Minter,CB,,Georgia,College Stats,5-11,190,4.52,38.5,10,131,6.87,4.1,Cleveland Browns / 5th / 152nd pick / 2006
150,2006,Daniel Bullocks\BullDa20,SS,7,Nebraska,College Stats,6-0,212,4.38,38,18,124,6.91,4.16,Detroit Lions / 2nd / 40th pick / 2006
151,2006,Greg Blue\BlueGr20,FS,1,Georgia,College Stats,6-2,216,4.57,37.5,16,120,,,Minnesota Vikings / 5th / 149th pick / 2006
152,2006,Will Blackmon\BlacWi20,CB,20,Boston College,College Stats,6-0,198,4.47,41,,133,6.67,4.23,Green Bay Packers / 4th / 115th pick / 2006
153,2006,Darnell Bing\BingDa00,SS,0,Southern California,College Stats,6-2,227,4.53,34,17,120,7.25,4.07,Oakland Raiders / 4th / 101st pick / 2006
154,2006,Antoine Bethea\BethAn20,FS,75,Howard,,5-11,203,4.39,36.5,19,127,6.99,4.11,Indianapolis Colts / 6th / 207th pick / 2006
155,2006,Willie Andrews\AndrWi20,SS,3,Baylor,College Stats,5-9,193,4.43,36.5,7,124,6.99,4.27,New England Patriots / 7th / 229th pick / 2006
156,2006,Jason Allen\AlleJa23,FS,14,Tennessee,College Stats,6-1,209,4.39,39.5,17,131,6.75,3.81,Miami Dolphins / 1st / 16th pick / 2006
157,2006,Justin Wyatt,CB,,Southern California,College Stats,5-9,189,4.72,,14,,,,
158,2006,Scott Ware,SS,,Southern California,College Stats,6-1,218,4.7,37,15,115,7.05,4.25,
159,2006,John Walker,CB,,Southern California,College Stats,6-0,205,4.62,40,,125,,4.16,
160,2006,Dwayne Slay,FS,,Texas Tech,College Stats,6-3,216,4.78,32.5,,112,,,
161,2006,Jahmile Addae,FS,,West Virginia,College Stats,5-10,214,4.7,38.5,,122,,,
162,2006,Darrell Brooks,FS,,Arizona,College Stats,6-0,198,4.61,36.5,7,125,6.97,4.36,
163,2006,Marcus Demps,FS,,San Diego State,College Stats,6-0,198,4.7,31,17,117,6.91,4.09,
164,2006,Chris Harrell,SS,,Penn State,College Stats,6-0,209,4.7,40.5,15,119,7.02,4.12,
165,2006,Chris Hawkins,CB,,Marshall,College Stats,5-10,183,4.51,37,16,116,,4.18,
166,2006,Jarvis Herring,SS,,Florida,College Stats,5-11,207,4.85,36.5,15,116,7.34,4.23,
167,2006,Reuben Houston,CB,,Georgia Tech,College Stats,6-0,192,4.62,41.5,21,127,,4.42,
169,2006,Antonio Malone,CB,,Toledo,College Stats,6-0,200,4.59,34,10,111,7.05,4.1,
170,2006,Vincent Meeks,SS,,Texas Tech,College Stats,5-11,210,4.85,33,11,112,,,
171,2006,Khalid Naziruddin,CB,,Texas Tech,College Stats,5-9,185,4.64,38.5,17,119,,,
172,2006,Chijioke Onyenegecha,CB,,Oklahoma,College Stats,6-1,215,4.55,34.5,16,118,,,
1,2005,Jerron Wishom\WishJe20,CB,0,Louisiana Tech,College Stats,6-0,193,4.5,38,18,118,6.81,4.07,
2,2005,Stanley Wilson\WilsSt20,CB,5,Stanford,College Stats,6-0,185,4.36,39.5,14,125,,,Detroit Lions / 3rd / 72nd pick / 2005
3,2005,Darrent Williams\WillDa21,CB,10,Oklahoma State,College Stats,5-9,176,4.3,39,16,124,6.97,3.96,Denver Broncos / 2nd / 56th pick / 2005
4,2005,Marquis Weeks\WeekMa00,SS,0,Virginia,College Stats,5-10,216,4.56,36.5,23,120,7.46,3.89,
5,2005,Corey Webster\WebsCo20,CB,39,LSU,College Stats,6-0,199,4.5,,9,,,,New York Giants / 2nd / 43rd pick / 2005
6,2005,Fabian Washington\WashFa20,CB,23,Nebraska,College Stats,5-10,188,4.29,41.5,18,129,,3.91,Oakland Raiders / 1st / 23rd pick / 2005
7,2005,Marviel Underwood\UndeMa20,FS,1,San Diego State,College Stats,5-10,205,4.45,38,19,118,7.12,4.21,Green Bay Packers / 4th / 115th pick / 2005
8,2005,Scott Starks\StarSc20,CB,4,Wisconsin,College Stats,5-8,172,4.37,43,13,137,6.99,3.9,Jacksonville Jaguars / 3rd / 87th pick / 2005
9,2005,Ernest Shazor\ShazEr20,SS,0,Michigan,College Stats,6-4,228,4.65,,,,,,
10,2005,Gerald Sensabaugh\SensGe20,FS,35,North Carolina,College Stats,6-0,214,4.44,46,17,133,,,Jacksonville Jaguars / 5th / 157th pick / 2005
11,2005,Stanford Routt\RoutSt20,CB,24,Houston,College Stats,6-1,193,4.27,36.5,,129,6.63,3.9,Oakland Raiders / 2nd / 38th pick / 2005
12,2005,Antrel Rolle\RollAn20,CB,65,Miami (FL),College Stats,6-0,201,4.48,,15,,,,Arizona Cardinals / 1st / 8th pick / 2005
13,2005,Carlos Rogers\RogeCa20,CB,58,Auburn,College Stats,6-0,196,4.44,40.5,15,126,6.48,3.82,Washington Redskins / 1st / 9th pick / 2005
14,2005,Kerry Rhodes\RhodKe20,FS,56,Louisville,College Stats,6-2,209,4.56,42,12,123,6.94,4.12,New York Jets / 4th / 123rd pick / 2005
15,2005,Lamont Reid\ReidLa20,CB,1,North Carolina State,College Stats,5-11,195,4.53,40.5,15,124,7.18,4.28,
16,2005,Brodney Pool\PoolBr20,FS,31,Oklahoma,College Stats,6-1,207,4.52,,,,,,Cleveland Browns / 2nd / 34th pick / 2005
17,2005,Antonio Perkins\PerkAn20,CB,0,Oklahoma,College Stats,5-11,190,4.49,40,10,126,7.17,4.07,Cleveland Browns / 4th / 103rd pick / 2005
18,2005,Karl Paymah\PaymKa20,CB,7,Washington State,College Stats,6-0,204,4.35,41.5,15,125,7.09,3.91,Denver Broncos / 3rd / 76th pick / 2005
19,2005,Donte Nicholson\NichDo20,SS,1,Oklahoma,College Stats,6-1,212,4.56,,18,,,,Tampa Bay Buccaneers / 5th / 141st pick / 2005
20,2005,Chris McKenzie\McKeCh20,CB,0,Arizona State,College Stats,5-8,185,4.32,45,6,136,6.9,4.32,
21,2005,Bryant McFadden\McFaBr20,CB,28,Florida State,College Stats,6-0,193,4.44,38.5,23,130,,4.04,Pittsburgh Steelers / 2nd / 62nd pick / 2005
22,2005,Jim Leonhard\LeonJi23,FS,37,Wisconsin,College Stats,5-8,191,4.63,,19,,,,
23,2005,Eric King\KingEr20,CB,4,Wake Forest,College Stats,5-8,189,4.43,,12,,,,Buffalo Bills / 5th / 156th pick / 2005
24,2005,Adam Jones\JonePa20,CB,63,West Virginia,College Stats,5-9,187,4.38,,,,,,Tennessee Titans / 1st / 6th pick / 2005
25,2005,Marlin Jackson\JackMa22,CB,14,Michigan,College Stats,6-1,198,4.52,36,23,125,6.95,3.96,Indianapolis Colts / 1st / 29th pick / 2005
26,2005,Daven Holly\HollDa22,CB,10,Cincinnati,College Stats,5-10,192,4.39,39,15,115,7.16,4.08,San Francisco 49ers / 7th / 215th pick / 2005
27,2005,Ellis Hobbs\HobbEl20,CB,30,Iowa State,College Stats,5-9,192,4.45,42,12,124,6.8,4.07,New England Patriots / 3rd / 84th pick / 2005
28,2005,Kelvin Hayden\HaydKe20,CB,27,Illinois,College Stats,5-10,197,4.45,34,17,111,6.87,3.9,Indianapolis Colts / 2nd / 60th pick / 2005
29,2005,Matt Grootegoed\GrooMa20,SS,0,Southern California,College Stats,5-11,218,4.76,31.5,22,111,7.17,4.26,
30,2005,Eric Green\GreeEr20,CB,12,Virginia Tech,College Stats,5-11,198,4.52,38,,120,,3.9,Arizona Cardinals / 3rd / 75th pick / 2005
31,2005,Vincent Fuller\FullVi20,FS,9,Virginia Tech,College Stats,6-1,189,4.44,,,,,,Tennessee Titans / 4th / 108th pick / 2005
32,2005,Aaron Francisco\FranAa20,FS,11,BYU,College Stats,6-2,211,4.74,35,17,113,6.96,4.07,
33,2005,Dustin Fox\FoxxDu20,FS,0,Ohio State,College Stats,5-11,191,4.43,43.5,7,,,,Minnesota Vikings / 3rd / 80th pick / 2005
34,2005,Domonique Foxworth\FoxwDo20,CB,18,Maryland,College Stats,5-11,184,4.34,41,14,125,6.78,3.89,Denver Broncos / 3rd / 97th pick / 2005
35,2005,Diamond Ferri\FerrDi00,SS,0,Syracuse,College Stats,5-10,223,4.59,35.5,20,111,7.15,4.14,
36,2005,Ben Emanuel\EmanBe20,FS,3,UCLA,College Stats,6-3,213,4.57,,21,,,,Carolina Panthers / 5th / 171st pick / 2005
37,2005,Thomas Davis\DaviTh20,FS,89,Georgia,College Stats,6-1,230,4.6,36.5,,115,7.09,3.97,Carolina Panthers / 1st / 14th pick / 2005
38,2005,Travis Daniels\DaniTr20,CB,16,LSU,College Stats,6-1,194,4.54,35,,120,6.95,3.97,Miami Dolphins / 4th / 104th pick / 2005
39,2005,Justin Beriault,FS,,Ball State,College Stats,6-3,204,4.52,39.5,14,132,6.92,3.8,Dallas Cowboys / 6th / 208th pick / 2005
40,2005,Markus Curry\CurrMa20,CB,0,Michigan,College Stats,5-11,181,4.59,35,12,117,7.04,3.89,
41,2005,Sean Considine\ConsSe20,FS,16,Iowa,College Stats,6-0,212,4.5,37,19,117,7.09,3.92,Philadelphia Eagles / 4th / 102nd pick / 2005
42,2005,Nick Collins\CollNi20,CB,48,Bethune-Cookman,,5-11,206,4.36,40,11,118,6.94,4.16,Green Bay Packers / 2nd / 51st pick / 2005
43,2005,Jerome Carter\CartJe20,SS,3,Florida State,College Stats,5-11,220,4.47,35,21,121,7.18,4.04,St. Louis Rams / 4th / 117th pick / 2005
44,2005,James Butler\ButlJa20,FS,24,Georgia Tech,College Stats,6-2,213,4.51,40.5,16,127,7.1,3.98,
45,2005,Josh Bullocks\BullJo20,FS,23,Nebraska,College Stats,6-0,209,4.46,37.5,,118,7.09,4.08,New Orleans Saints / 2nd / 40th pick / 2005
46,2005,Brandon Browner\BrowBr00,CB,26,Oregon State,,6-3,221,4.63,36.5,13,123,7.2,4.24,
47,2005,Atari Bigby\BigbAt20,SS,19,Central Florida,College Stats,5-11,214,4.57,35,19,112,7,4.1,
48,2005,Ronald Bartell\BartRo20,CB,28,Howard,,6-1,211,4.37,35.5,21,,,,St. Louis Rams / 2nd / 50th pick / 2005
49,2005,O.J. Atogwe\AtogO.20,FS,38,Stanford,College Stats,5-11,219,4.52,,22,,,,St. Louis Rams / 3rd / 66th pick / 2005
50,2005,Hamza Abdullah\AbduHa20,SS,5,Washington State,College Stats,6-2,214,,39,18,114,6.94,,Tampa Bay Buccaneers / 7th / 231st pick / 2005
51,2005,Cedrick Williams,CB,,Kansas State,,5-10,168,4.5,35,13,121,7.24,4.22,
52,2005,Aric Williams,CB,,Oregon State,College Stats,5-11,187,4.58,36,8,117,,,
53,2005,Jamaal Brimmer,SS,,UNLV,College Stats,6-1,216,4.8,32,16,113,7.78,4.63,
54,2005,Atcheson Conway,SS,,Bowie State,,5-10,219,4.9,32,14,108,7.38,4.1,
55,2005,Abraham Elimimian,CB,,Hawaii,College Stats,5-10,190,4.62,39,14,121,,4.05,
56,2005,Jason Harmon,FS,,Michigan State,College Stats,5-11,209,4.7,37,23,118,7.61,4.1,
57,2005,Alphonso Hodge,CB,,Miami (OH),,5-11,203,4.44,34,20,,,3.99,
58,2005,Terry Holley,SS,,Rice,College Stats,6-1,211,4.64,37,24,115,,,
59,2005,Derrick Johnson,CB,,Texas,College Stats,5-11,197,4.43,,18,,7.15,4.1,
60,2005,Andre Maddox,SS,,North Carolina State,,6-1,205,4.46,36.5,17,127,7.33,,
61,2004,Dexter Wynn\WynnDe20,CB,4,Colorado State,College Stats,5-9,175,4.49,39,13,123,6.7,3.9,Philadelphia Eagles / 6th / 192nd pick / 2004
62,2004,Gibril Wilson\WilsGi20,SS,38,Tennessee,College Stats,6-0,197,4.47,,15,120,,,New York Giants / 5th / 136th pick / 2004
63,2004,Quintin Williams\WillQu20,FS,0,Wake Forest,College Stats,5-11,207,4.6,37,21,122,7.28,4.09,
64,2004,Madieu Williams\WillMa20,FS,40,Maryland,College Stats,6-0,193,4.48,,18,125,,,Cincinnati Bengals / 2nd / 56th pick / 2004
65,2004,Rashad Washington\WashRa20,FS,3,Kansas State,College Stats,6-2,223,4.61,34,14,116,7.06,4.02,New York Jets / 7th / 236th pick / 2004
66,2004,Matt Ware\WareMa20,FS,7,UCLA,College Stats,6-2,209,4.54,,15,,,,Philadelphia Eagles / 3rd / 89th pick / 2004
67,2004,Michael Waddell\WaddMi20,CB,3,North Carolina,College Stats,5-11,187,4.31,37.5,14,121,6.84,4.03,Tennessee Titans / 4th / 124th pick / 2004
68,2004,Nathan Vasher\VashNa99,CB,34,Texas,College Stats,5-10,177,4.49,,,,,,Chicago Bears / 4th / 110th pick / 2004
69,2004,Bruce Thornton\ThorBr21,CB,4,Georgia,College Stats,5-10,197,4.5,37.5,,122,,,Dallas Cowboys / 4th / 121st pick / 2004
70,2004,Joey Thomas\ThomJo21,CB,3,Montana State,,6-1,195,4.44,38.5,17,122,6.82,3.88,Green Bay Packers / 3rd / 70th pick / 2004
71,2004,Chris Thompson\ThomCh24,CB,1,Nicholls State,,6-0,189,4.5,35,12,117,7.09,4.14,Jacksonville Jaguars / 5th / 150th pick / 2004
72,2004,Sean Taylor\TaylSe20,FS,33,Miami (FL),College Stats,6-2,230,4.51,,,,,,Washington Redskins / 1st / 5th pick / 2004
73,2004,Derrick Strait\StraDe20,CB,3,Oklahoma,College Stats,5-11,196,4.52,,,,,,New York Jets / 3rd / 76th pick / 2004
74,2004,Keith Smith\SmitKe20,CB,7,McNeese State,,5-11,201,4.48,36.5,12,116,,,Detroit Lions / 3rd / 73rd pick / 2004
75,2004,Jeff Shoate\ShoaJe20,CB,0,San Diego State,College Stats,5-10,189,4.62,36,12,121,7,3.88,Denver Broncos / 5th / 152nd pick / 2004
76,2004,Jason Shivers\ShivJa20,FS,0,Arizona State,College Stats,6-0,201,4.51,36,19,128,,,St. Louis Rams / 5th / 158th pick / 2004
77,2004,Guss Scott\ScotGu20,SS,1,Florida,College Stats,5-10,204,4.46,39,20,124,,,New England Patriots / 3rd / 95th pick / 2004
78,2004,Stuart Schweigert\SchwSt20,FS,16,Purdue,College Stats,6-2,218,4.47,38,18,124,6.68,3.89,Oakland Raiders / 3rd / 67th pick / 2004
79,2004,Bob Sanders\SandBo99,SS,34,Iowa,College Stats,5-8,204,4.35,41.5,15,128,6.7,3.91,Indianapolis Colts / 2nd / 44th pick / 2004
80,2004,Dunta Robinson\RobiDu20,CB,46,South Carolina,College Stats,5-11,186,4.34,36,15,120,6.97,3.75,Houston Texans / 1st / 10th pick / 2004
81,2004,Dexter Reid\ReidDe20,FS,4,North Carolina,College Stats,5-11,203,4.56,,,,,,New England Patriots / 4th / 113th pick / 2004
82,2004,Keiwan Ratliff\RatlKe20,CB,10,Florida,College Stats,5-10,194,4.56,,11,,,,Cincinnati Bengals / 2nd / 49th pick / 2004
83,2004,Etric Pruitt\PruiEt20,FS,0,Southern Miss,College Stats,6-0,197,4.57,39.5,,116,7.15,4,Atlanta Falcons / 6th / 186th pick / 2004
84,2004,Will Poole\PoolWi20,CB,1,Southern California,College Stats,5-10,194,4.47,,16,,,,Miami Dolphins / 4th / 102nd pick / 2004
85,2004,Keith Lewis\LewiKe20,FS,8,Oregon,College Stats,6-0,204,4.6,37,11,121,7.28,4.07,San Francisco 49ers / 6th / 198th pick / 2004
86,2004,Jeremy LeSueur\LeSuJe20,CB,0,Michigan,College Stats,6-0,197,4.53,35,,116,,,Denver Broncos / 3rd / 85th pick / 2004
87,2004,Sean Jones\JoneSe20,FS,35,Georgia,College Stats,6-1,218,4.63,36.5,,122,7.19,,Cleveland Browns / 2nd / 59th pick / 2004
88,2004,Von Hutchins\HutcVo20,CB,7,Mississippi,College Stats,5-10,185,4.46,34.5,11,115,7.05,4.06,Indianapolis Colts / 6th / 173rd pick / 2004
89,2004,Vontez Duff,CB,,Notre Dame,College Stats,5-11,203,4.53,35,13,120,6.94,4.03,Houston Texans / 6th / 170th pick / 2004
90,2004,DeAngelo Hall\HallDe99,CB,80,Virginia Tech,College Stats,5-10,202,4.34,,,,,,Atlanta Falcons / 1st / 8th pick / 2004
91,2004,Jabari Greer\GreeJa22,CB,36,Tennessee,College Stats,5-10,178,4.5,36.5,7,126,,,
92,2004,Rich Gardner\GardRi20,CB,2,Penn State,College Stats,5-11,199,4.46,36.5,11,123,6.91,3.91,Tennessee Titans / 3rd / 92nd pick / 2004
93,2004,Chris Gamble\GambCh20,CB,55,Ohio State,College Stats,6-1,198,4.52,,,,,,Carolina Panthers / 1st / 28th pick / 2004
94,2004,Glenn Earl\EarlGl20,SS,10,Notre Dame,College Stats,6-1,222,4.65,,20,,,,Houston Texans / 4th / 122nd pick / 2004
95,2004,Curtis DeLoatch\DeLoCu20,CB,7,North Carolina A&T,,6-2,214,4.5,35.5,10,120,6.97,4.42,
96,2004,Erik Coleman\ColeEr21,FS,38,Washington State,College Stats,5-10,200,4.64,35.5,16,117,7.03,4.14,New York Jets / 5th / 143rd pick / 2004
97,2004,Ricardo Colclough\ColcRi20,CB,2,Tusculum,,5-11,194,4.49,39.5,8,127,,,Pittsburgh Steelers / 2nd / 38th pick / 2004
98,2004,Ahmad Carroll\CarrAh20,CB,14,Arkansas,College Stats,5-10,195,4.34,41,15,128,,,Green Bay Packers / 1st / 25th pick / 2004
99,2004,Tony Bua\BuaxTo20,SS,1,Arkansas,College Stats,5-11,209,4.67,36,15,120,6.75,4.08,Miami Dolphins / 5th / 160th pick / 2004
100,2004,Rufus Brown\BrowRu21,CB,0,Florida State,College Stats,5-9,187,4.43,33,15,124,7.24,4.44,
101,2004,Greg Brooks\BrooGr20,CB,0,Southern Miss,College Stats,5-11,177,4.45,,,,,,Cincinnati Bengals / 6th / 183rd pick / 2004
102,2004,Rashad Baker\BakeRa21,FS,4,Tennessee,College Stats,5-10,204,4.5,36,21,117,7.19,4.12,
103,2004,Will Allen\AlleWi21,FS,29,Ohio State,College Stats,6-0,202,4.58,,,,,,Tampa Bay Buccaneers / 4th / 111th pick / 2004
104,2004,Roc Alexander\AlexRo21,CB,2,Washington,College Stats,5-11,185,4.35,39.5,,125,6.97,4.23,
105,2004,Marcus Winn,SS,,Alabama State,,6-0,223,4.86,,21,,,,
106,2004,Virgil Williams,SS,,Washington State,College Stats,6-1,196,4.66,,11,,,,
107,2004,Marcell Allmond,CB,,Southern California,College Stats,6-0,209,4.59,38,21,123,7.37,4.34,
108,2004,Kentrell Curry,FS,,Georgia,,6-1,201,4.6,34.5,17,127,,,
109,2004,Daryl Dixon,FS,,Florida,College Stats,5-10,195,4.77,35.5,15,118,,,
110,2004,Deandre' Eiland,FS,,South Carolina,,5-11,202,4.53,35,17,113,7.19,4.27,
111,2004,Brandon Everage,FS,,Oklahoma,College Stats,6-0,194,4.55,,,,,,
112,2004,Randy Jordan,CB,,Kansas State,College Stats,6-1,178,4.59,33.5,,115,7.34,4.21,
113,2004,Arnold Parker,SS,,Utah,College Stats,6-2,213,4.54,35.5,18,120,6.98,4.12,
114,2004,Lawrence Richardson,CB,,Arkansas,College Stats,5-9,194,4.62,31,8,112,,,
115,2004,Stanford Samuels,CB,,Florida State,College Stats,5-10,193,4.58,,,,,,