,player_id,player,names,team,ncaa_yr_ct,sr_year,sr_position,sr_games,sr_tackles_solo,sr_tackles_asst,sr_tfl_solo,sr_tfl_asst,sr_tfl_yards,sr_sacks_solo,sr_sacks_asst,sr_sacks_yards,sr_int,sr_int_yards,sr_int_td,sr_fum,sr_fum_yards,sr_fum_td,sr_ffum,sr_safety,sr_punt_ret,sr_punt_ret_yards,sr_punt_ret_td,sr_kick_ret,sr_kick_ret_yards,sr_kick_ret_td,sr_total_points,fr_year,fr_position,fr_games,fr_tackles_solo,fr_tackles_asst,fr_tfl_solo,fr_tfl_asst,fr_tfl_yards,fr_sacks_solo,fr_sacks_asst,fr_sacks_yards,fr_int,fr_int_yards,fr_int_td,fr_fum,fr_fum_yards,fr_fum_td,fr_ffum,fr_safety,fr_punt_ret,fr_punt_ret_yards,fr_punt_ret_td,fr_kick_ret,fr_kick_ret_yards,fr_kick_ret_td,fr_total_points,jr_year,jr_position,jr_games,jr_tackles_solo,jr_tackles_asst,jr_tfl_solo,jr_tfl_asst,jr_tfl_yards,jr_sacks_solo,jr_sacks_asst,jr_sacks_yards,jr_int,jr_int_yards,jr_int_td,jr_fum,jr_fum_yards,jr_fum_td,jr_ffum,jr_safety,jr_punt_ret,jr_punt_ret_yards,jr_punt_ret_td,jr_kick_ret,jr_kick_ret_yards,jr_kick_ret_td,jr_total_points,so_year,so_position,so_games,so_tackles_solo,so_tackles_asst,so_tfl_solo,so_tfl_asst,so_tfl_yards,so_sacks_solo,so_sacks_asst,so_sacks_yards,so_int,so_int_yards,so_int_td,so_fum,so_fum_yards,so_fum_td,so_ffum,so_safety,so_punt_ret,so_punt_ret_yards,so_punt_ret_td,so_kick_ret,so_kick_ret_yards,so_kick_ret_td,so_total_points,rf_year,rf_position,rf_games,rf_tackles_solo,rf_tackles_asst,rf_tfl_solo,rf_tfl_asst,rf_tfl_yards,rf_sacks_solo,rf_sacks_asst,rf_sacks_yards,rf_int,rf_int_yards,rf_int_td,rf_fum,rf_fum_yards,rf_fum_td,rf_ffum,rf_safety,rf_punt_ret,rf_punt_ret_yards,rf_punt_ret_td,rf_kick_ret,rf_kick_ret_yards,rf_kick_ret_td,rf_total_points
0,616884,Eric Elsner,Eric Elsner,Appalachian State,1,2005,DB,12.0,0.0,0.0,0.0,0.0,0.0,0.0,0.0,0.0,0.0,0.0,0.0,0.0,0.0,0.0,0.0,0.0,0.0,0.0,0.0,0.0,0.0,0.0,0.0,,,,,,,,,,,,,,,,,,,,,,,,,,,,,,,,,,,,,,,,,,,,,,,,,,,,,,,,,,,,,,,,,,,,,,,,,,,,,,,,,,,,,,,,,,,,,,,,,,,,,,,,
1,616947,Ryan Hennessey,Ryan Hennessey,Appalachian State,1,,,,,,,,,,,,,,,,,,,,,,,,,,,2005,DB,0.0,0.0,0.0,0.0,0.0,0.0,0.0,0.0,0.0,0.0,0.0,0.0,0.0,0.0,0.0,0.0,0.0,0.0,0.0,0.0,0.0,0.0,0.0,0.0,,,,,,,,,,,,,,,,,,,,,,,,,,,,,,,,,,,,,,,,,,,,,,,,,,,,,,,,,,,,,,,,,,,,,,,,,,,,,,
2,616886,Mike King,"Mike King, Micheal King",Appalachian State,2,2006,LB,15.0,0.0,0.0,0.0,0.0,0.0,0.0,0.0,0.0,0.0,0.0,0.0,0.0,0.0,0.0,0.0,0.0,0.0,0.0,0.0,0.0,0.0,0.0,0.0,,,,,,,,,,,,,,,,,,,,,,,,,,,2005,DB,13.0,0.0,0.0,0.0,0.0,0.0,0.0,0.0,0.0,0.0,0.0,0.0,0.0,0.0,0.0,0.0,0.0,0.0,0.0,0.0,0.0,0.0,0.0,0.0,,,,,,,,,,,,,,,,,,,,,,,,,,,,,,,,,,,,,,,,,,,,,,,,,,,,
3,616919,Craig McCarter,Craig McCarter,Appalachian State,1,,,,,,,,,,,,,,,,,,,,,,,,,,,2005,DB,0.0,0.0,0.0,0.0,0.0,0.0,0.0,0.0,0.0,0.0,0.0,0.0,0.0,0.0,0.0,0.0,0.0,0.0,0.0,0.0,0.0,0.0,0.0,0.0,,,,,,,,,,,,,,,,,,,,,,,,,,,,,,,,,,,,,,,,,,,,,,,,,,,,,,,,,,,,,,,,,,,,,,,,,,,,,,
4,616870,Jermey Wiggins,Jermey Wiggins,Appalachian State,1,,,,,,,,,,,,,,,,,,,,,,,,,,,,,,,,,,,,,,,,,,,,,,,,,,,,,2005,DB,15.0,0.0,0.0,0.0,0.0,0.0,0.0,0.0,0.0,2.0,39.0,0.0,0.0,0.0,0.0,0.0,0.0,3.0,2.0,0.0,2.0,23.0,0.0,0.0,,,,,,,,,,,,,,,,,,,,,,,,,,,,,,,,,,,,,,,,,,,,,,,,,,,,
5,731838,Philip Bould,Philip Bould,Appalachian State,1,,,,,,,,,,,,,,,,,,,,,,,,,,,2006,DB,1.0,0.0,0.0,0.0,0.0,0.0,0.0,0.0,0.0,0.0,0.0,0.0,0.0,0.0,0.0,0.0,0.0,0.0,0.0,0.0,0.0,0.0,0.0,0.0,,,,,,,,,,,,,,,,,,,,,,,,,,,,,,,,,,,,,,,,,,,,,,,,,,,,,,,,,,,,,,,,,,,,,,,,,,,,,,
6,731841,Dustin Clodfelter,Dustin Clodfelter,Appalachian State,1,,,,,,,,,,,,,,,,,,,,,,,,,,,2006,DB,0.0,0.0,0.0,0.0,0.0,0.0,0.0,0.0,0.0,0.0,0.0,0.0,0.0,0.0,0.0,0.0,0.0,0.0,0.0,0.0,0.0,0.0,0.0,0.0,,,,,,,,,,,,,,,,,,,,,,,,,,,,,,,,,,,,,,,,,,,,,,,,,,,,,,,,,,,,,,,,,,,,,,,,,,,,,,
7,616917,Dominick Dingle,Dominick Dingle,Appalachian State,2,2006,DB,14.0,0.0,0.0,0.0,0.0,0.0,0.0,0.0,0.0,0.0,0.0,0.0,0.0,0.0,0.0,0.0,0.0,1.0,5.0,0.0,0.0,0.0,0.0,0.0,,,,,,,,,,,,,,,,,,,,,,,,,,,2005,DB,12.0,0.0,0.0,0.0,0.0,0.0,0.0,0.0,0.0,0.0,0.0,0.0,0.0,0.0,0.0,0.0,0.0,0.0,0.0,0.0,0.0,0.0,0.0,0.0,,,,,,,,,,,,,,,,,,,,,,,,,,,,,,,,,,,,,,,,,,,,,,,,,,,,
8,731856,Tyrrell Harrell,Tyrrell Harrell,Appalachian State,1,,,,,,,,,,,,,,,,,,,,,,,,,,,2006,DB,0.0,0.0,0.0,0.0,0.0,0.0,0.0,0.0,0.0,0.0,0.0,0.0,0.0,0.0,0.0,0.0,0.0,0.0,0.0,0.0,0.0,0.0,0.0,0.0,,,,,,,,,,,,,,,,,,,,,,,,,,,,,,,,,,,,,,,,,,,,,,,,,,,,,,,,,,,,,,,,,,,,,,,,,,,,,,
9,731877,Marquis Melvin,Marquis Melvin,Appalachian State,1,,,,,,,,,,,,,,,,,,,,,,,,,,,2006,DB,1.0,0.0,0.0,0.0,0.0,0.0,0.0,0.0,0.0,0.0,0.0,0.0,0.0,0.0,0.0,0.0,0.0,0.0,0.0,0.0,0.0,0.0,0.0,0.0,,,,,,,,,,,,,,,,,,,,,,,,,,,,,,,,,,,,,,,,,,,,,,,,,,,,,,,,,,,,,,,,,,,,,,,,,,,,,,
10,616921,Billy Riddle,Billy Riddle,Appalachian State,2,,,,,,,,,,,,,,,,,,,,,,,,,,,,,,,,,,,,,,,,,,,,,,,,,,,,,2006,DB,12.0,0.0,0.0,0.0,0.0,0.0,0.0,0.0,0.0,0.0,0.0,0.0,0.0,0.0,0.0,0.0,0.0,0.0,0.0,0.0,0.0,0.0,0.0,0.0,2005,DB,14.0,0.0,0.0,0.0,0.0,0.0,0.0,0.0,0.0,0.0,0.0,0.0,0.0,0.0,0.0,0.0,0.0,0.0,0.0,0.0,0.0,0.0,0.0,0.0,,,,,,,,,,,,,,,,,,,,,,,,,,
11,616890,Chad Tuff,Chad Tuff,Appalachian State,2,,,,,,,,,,,,,,,,,,,,,,,,,,,2006,DB,0.0,0.0,0.0,0.0,0.0,0.0,0.0,0.0,0.0,0.0,0.0,0.0,0.0,0.0,0.0,0.0,0.0,0.0,0.0,0.0,0.0,0.0,0.0,0.0,,,,,,,,,,,,,,,,,,,,,,,,,,,,,,,,,,,,,,,,,,,,,,,,,,,,,2005,DB,2.0,0.0,0.0,0.0,0.0,0.0,0.0,0.0,0.0,0.0,0.0,0.0,0.0,0.0,0.0,0.0,0.0,0.0,0.0,0.0,0.0,0.0,0.0,0.0
12,731822,Jeremy Wiggins,Jeremy Wiggins,Appalachian State,1,2006,DB,15.0,0.0,0.0,0.0,0.0,0.0,0.0,0.0,0.0,5.0,60.0,0.0,2.0,46.0,0.0,0.0,0.0,4.0,3.0,0.0,0.0,0.0,0.0,0.0,,,,,,,,,,,,,,,,,,,,,,,,,,,,,,,,,,,,,,,,,,,,,,,,,,,,,,,,,,,,,,,,,,,,,,,,,,,,,,,,,,,,,,,,,,,,,,,,,,,,,,,,
13,616938,Seth Breitenstein,Seth Breitenstein,Appalachian State,3,,,,,,,,,,,,,,,,,,,,,,,,,,,2005,DB,11.0,4.0,4.0,0.0,0.0,0.0,0.0,0.0,0.0,0.0,0.0,0.0,0.0,0.0,0.0,0.0,0.0,0.0,0.0,0.0,0.0,0.0,0.0,0.0,2007,DB,3.0,1.0,2.0,0.0,0.0,0.0,0.0,0.0,0.0,0.0,0.0,0.0,0.0,0.0,0.0,0.0,0.0,0.0,0.0,0.0,0.0,0.0,0.0,0.0,2006,DB,10.0,4.0,0.0,0.0,0.0,0.0,0.0,0.0,0.0,0.0,0.0,0.0,0.0,0.0,0.0,0.0,0.0,0.0,0.0,0.0,0.0,0.0,0.0,0.0,,,,,,,,,,,,,,,,,,,,,,,,,,
14,616866,Anthony Cruver,Anthony Cruver,Appalachian State,4,2008,WR,5.0,0.0,0.0,0.0,0.0,0.0,0.0,0.0,0.0,0.0,0.0,0.0,0.0,0.0,0.0,0.0,0.0,0.0,0.0,0.0,0.0,0.0,0.0,0.0,2005,WR,8.0,1.0,1.0,0.0,0.0,0.0,0.0,0.0,0.0,0.0,0.0,0.0,0.0,0.0,0.0,0.0,0.0,0.0,0.0,0.0,0.0,0.0,0.0,0.0,2007,DB,7.0,0.0,2.0,0.0,0.0,0.0,0.0,0.0,0.0,0.0,0.0,0.0,0.0,0.0,0.0,0.0,0.0,0.0,0.0,0.0,0.0,0.0,0.0,0.0,2006,WR,5.0,0.0,0.0,0.0,0.0,0.0,0.0,0.0,0.0,0.0,0.0,0.0,0.0,0.0,0.0,0.0,0.0,0.0,0.0,0.0,0.0,0.0,0.0,0.0,,,,,,,,,,,,,,,,,,,,,,,,,,
15,616945,Titus Howard,Titus Howard,Appalachian State,3,2007,DB,14.0,44.0,23.0,4.0,0.0,15.0,1.0,0.0,10.0,2.0,61.0,1.0,0.0,0.0,0.0,0.0,0.0,0.0,0.0,0.0,0.0,0.0,0.0,6.0,,,,,,,,,,,,,,,,,,,,,,,,,,,2006,DB,14.0,17.0,8.0,2.0,0.0,11.0,1.0,0.0,8.0,0.0,0.0,0.0,0.0,0.0,0.0,0.0,0.0,0.0,0.0,0.0,0.0,0.0,0.0,0.0,2005,DB,14.0,16.0,4.0,0.0,0.0,0.0,0.0,0.0,0.0,2.0,70.0,1.0,0.0,0.0,0.0,0.0,0.0,0.0,0.0,0.0,0.0,0.0,0.0,6.0,,,,,,,,,,,,,,,,,,,,,,,,,,
16,337694,Corey Lynch,Corey Lynch,Appalachian State,5,2007,DB,15.0,71.0,40.0,3.0,0.0,4.0,0.0,0.0,0.0,6.0,114.0,1.0,0.0,0.0,0.0,1.0,0.0,1.0,33.0,0.0,0.0,0.0,0.0,6.0,2004,DL,2.0,0.0,0.0,0.0,0.0,0.0,0.0,0.0,0.0,1.0,8.0,0.0,1.0,6.0,0.0,0.0,0.0,1.0,7.0,0.0,0.0,0.0,0.0,0.0,2006,DB,13.0,43.0,41.0,4.0,2.0,14.0,0.0,0.0,0.0,5.0,101.0,0.0,1.0,25.0,2.0,0.0,0.0,0.0,0.0,0.0,0.0,0.0,0.0,12.0,2005,DB,15.0,40.0,52.0,1.0,0.0,4.0,0.0,0.0,0.0,6.0,121.0,0.0,0.0,0.0,0.0,1.0,0.0,0.0,0.0,0.0,0.0,0.0,0.0,0.0,2003,DB,10.0,0.0,0.0,0.0,0.0,0.0,0.0,0.0,0.0,6.0,61.0,0.0,0.0,0.0,0.0,0.0,0.0,0.0,0.0,0.0,1.0,14.0,0.0,0.0
17,616868,Jerome Touchstone,Jerome Touchstone,Appalachian State,3,2007,DB,14.0,31.0,8.0,1.0,1.0,2.0,0.0,0.0,0.0,1.0,14.0,0.0,0.0,0.0,0.0,0.0,0.0,0.0,0.0,0.0,1.0,15.0,0.0,0.0,,,,,,,,,,,,,,,,,,,,,,,,,,,2006,DB,15.0,27.0,10.0,2.0,1.0,4.0,0.0,0.0,0.0,2.0,57.0,1.0,0.0,0.0,0.0,0.0,0.0,0.0,0.0,0.0,0.0,0.0,0.0,6.0,2005,DB,15.0,29.0,20.0,2.0,1.0,4.0,0.0,0.0,0.0,0.0,0.0,0.0,0.0,0.0,0.0,0.0,0.0,0.0,0.0,0.0,1.0,10.0,0.0,0.0,,,,,,,,,,,,,,,,,,,,,,,,,,
18,814149,Gordy Witte,"Gordy Witte, Jr., Gordy Witte",Appalachian State,5,2011,DL,12.0,1.0,6.0,0.0,2.0,4.0,0.0,1.0,3.0,0.0,0.0,0.0,0.0,0.0,0.0,0.0,0.0,0.0,0.0,0.0,0.0,0.0,0.0,0.0,2008,DL,11.0,5.0,3.0,2.0,0.0,11.0,1.0,0.0,7.0,0.0,0.0,0.0,0.0,0.0,0.0,0.0,0.0,0.0,0.0,0.0,0.0,0.0,0.0,0.0,2010,DL,13.0,3.0,12.0,0.0,2.0,4.0,0.0,2.0,4.0,0.0,0.0,0.0,0.0,0.0,0.0,0.0,0.0,0.0,0.0,0.0,0.0,0.0,0.0,0.0,2009,DL,12.0,0.0,10.0,0.0,3.0,6.0,0.0,0.0,0.0,0.0,0.0,0.0,0.0,0.0,0.0,0.0,0.0,0.0,0.0,0.0,0.0,0.0,0.0,0.0,2007,DB,4.0,2.0,0.0,0.0,0.0,0.0,0.0,0.0,0.0,0.0,0.0,0.0,0.0,0.0,0.0,0.0,0.0,0.0,0.0,0.0,0.0,0.0,0.0,0.0
19,616892,Justin Woazeah,Justin Woazeah,Appalachian State,3,2007,DB,15.0,49.0,20.0,2.0,0.0,6.0,0.0,0.0,0.0,1.0,4.0,0.0,1.0,32.0,1.0,0.0,0.0,0.0,0.0,0.0,0.0,0.0,0.0,6.0,,,,,,,,,,,,,,,,,,,,,,,,,,,2006,DB,15.0,19.0,19.0,0.0,1.0,0.0,0.0,0.0,0.0,2.0,6.0,0.0,0.0,0.0,0.0,0.0,0.0,0.0,0.0,0.0,0.0,0.0,0.0,0.0,2005,DB,15.0,32.0,27.0,2.0,0.0,7.0,0.0,0.0,0.0,4.0,156.0,0.0,0.0,0.0,0.0,0.0,0.0,0.0,0.0,0.0,0.0,0.0,0.0,0.0,,,,,,,,,,,,,,,,,,,,,,,,,,
20,646035,Josh Davis,Josh Davis,Appalachian State,2,2008,DB,7.0,3.0,4.0,0.0,0.0,0.0,0.0,0.0,0.0,0.0,0.0,0.0,0.0,0.0,0.0,0.0,0.0,0.0,0.0,0.0,0.0,0.0,0.0,0.0,,,,,,,,,,,,,,,,,,,,,,,,,,,2007,DB,4.0,0.0,1.0,0.0,0.0,0.0,0.0,0.0,0.0,0.0,0.0,0.0,0.0,0.0,0.0,0.0,0.0,0.0,0.0,0.0,0.0,0.0,0.0,0.0,,,,,,,,,,,,,,,,,,,,,,,,,,,,,,,,,,,,,,,,,,,,,,,,,,,,
21,616885,Travis Dowda,Travis Dowda,Appalachian State,4,,,,,,,,,,,,,,,,,,,,,,,,,,,2006,DB,2.0,0.0,0.0,0.0,0.0,0.0,0.0,0.0,0.0,0.0,0.0,0.0,0.0,0.0,0.0,0.0,0.0,0.0,0.0,0.0,0.0,0.0,0.0,0.0,2008,DB,12.0,20.0,10.0,4.0,0.0,42.0,0.0,0.0,0.0,3.0,33.0,1.0,0.0,0.0,0.0,1.0,0.0,0.0,0.0,0.0,1.0,17.0,0.0,6.0,2007,DB,13.0,5.0,11.0,0.0,0.0,0.0,0.0,0.0,0.0,0.0,0.0,0.0,0.0,0.0,0.0,0.0,0.0,0.0,0.0,0.0,0.0,0.0,0.0,0.0,2005,WR,0.0,0.0,0.0,0.0,0.0,0.0,0.0,0.0,0.0,0.0,0.0,0.0,0.0,0.0,0.0,0.0,0.0,0.0,0.0,0.0,0.0,0.0,0.0,0.0
22,616918,Leonard Love,Leonard Love,Appalachian State,4,2008,DB,9.0,19.0,18.0,2.0,2.0,5.0,0.0,0.0,0.0,1.0,10.0,0.0,0.0,0.0,0.0,1.0,0.0,0.0,0.0,0.0,0.0,0.0,0.0,0.0,2005,DB,6.0,0.0,1.0,0.0,0.0,0.0,0.0,0.0,0.0,0.0,0.0,0.0,0.0,0.0,0.0,0.0,0.0,0.0,0.0,0.0,0.0,0.0,0.0,0.0,2007,DB,15.0,10.0,9.0,0.0,0.0,0.0,0.0,0.0,0.0,1.0,26.0,0.0,0.0,0.0,0.0,0.0,0.0,0.0,0.0,0.0,0.0,0.0,0.0,0.0,2006,DB,14.0,4.0,4.0,1.0,0.0,1.0,0.0,0.0,0.0,0.0,0.0,0.0,0.0,0.0,0.0,0.0,0.0,0.0,0.0,0.0,0.0,0.0,0.0,0.0,,,,,,,,,,,,,,,,,,,,,,,,,,
23,936218,Billy Riddle,Billy Riddle,Appalachian State,1,2008,DB,14.0,22.0,20.0,1.0,1.0,2.0,0.0,0.0,0.0,0.0,0.0,0.0,0.0,0.0,0.0,1.0,0.0,0.0,0.0,0.0,0.0,0.0,0.0,0.0,,,,,,,,,,,,,,,,,,,,,,,,,,,,,,,,,,,,,,,,,,,,,,,,,,,,,,,,,,,,,,,,,,,,,,,,,,,,,,,,,,,,,,,,,,,,,,,,,,,,,,,,
24,945290,Josh Smith,Josh Smith,Appalachian State,1,,,,,,,,,,,,,,,,,,,,,,,,,,,,,,,,,,,,,,,,,,,,,,,,,,,,,,,,,,,,,,,,,,,,,,,,,,,,,,,2008,DB,9.0,5.0,5.0,0.0,0.0,0.0,0.0,0.0,0.0,0.0,0.0,0.0,0.0,0.0,0.0,1.0,0.0,0.0,0.0,0.0,0.0,0.0,0.0,0.0,,,,,,,,,,,,,,,,,,,,,,,,,,
25,731853,Cortez Gilbert,Cortez Gilbert,Appalachian State,4,2009,DB,14.0,43.0,32.0,2.0,0.0,11.0,0.0,0.0,0.0,1.0,16.0,0.0,0.0,0.0,0.0,0.0,0.0,0.0,0.0,0.0,0.0,0.0,0.0,0.0,2006,DB,15.0,11.0,9.0,0.0,0.0,0.0,0.0,0.0,0.0,0.0,0.0,0.0,0.0,0.0,0.0,0.0,0.0,0.0,0.0,0.0,4.0,79.0,0.0,0.0,2008,DB,14.0,45.0,27.0,0.0,1.0,1.0,0.0,0.0,0.0,2.0,0.0,0.0,0.0,0.0,0.0,0.0,0.0,0.0,0.0,0.0,0.0,0.0,0.0,0.0,2007,DB,13.0,16.0,11.0,1.0,1.0,4.0,0.0,0.0,0.0,1.0,0.0,0.0,1.0,32.0,1.0,0.0,0.0,0.0,0.0,0.0,5.0,114.0,0.0,6.0,,,,,,,,,,,,,,,,,,,,,,,,,,
26,814057,Jared Reine,Jared Reine,Appalachian State,3,,,,,,,,,,,,,,,,,,,,,,,,,,,2007,DB,9.0,3.0,4.0,0.0,0.0,0.0,0.0,0.0,0.0,0.0,0.0,0.0,0.0,0.0,0.0,0.0,0.0,1.0,-2.0,0.0,0.0,0.0,0.0,0.0,2009,DB,9.0,13.0,11.0,0.0,1.0,1.0,0.0,0.0,0.0,1.0,13.0,0.0,0.0,0.0,0.0,0.0,0.0,0.0,0.0,0.0,0.0,0.0,0.0,0.0,2008,DB,10.0,4.0,1.0,0.0,0.0,0.0,0.0,0.0,0.0,0.0,0.0,0.0,0.0,0.0,0.0,0.0,0.0,0.0,0.0,0.0,0.0,0.0,0.0,0.0,,,,,,,,,,,,,,,,,,,,,,,,,,
27,1015142,Justin Wray,Justin Wray,Appalachian State,3,,,,,,,,,,,,,,,,,,,,,,,,,,,2009,DB,10.0,1.0,0.0,0.0,0.0,0.0,0.0,0.0,0.0,0.0,0.0,0.0,0.0,0.0,0.0,0.0,0.0,0.0,0.0,0.0,0.0,0.0,0.0,0.0,2011,LB,0.0,0.0,0.0,0.0,0.0,0.0,0.0,0.0,0.0,0.0,0.0,0.0,0.0,0.0,0.0,0.0,0.0,0.0,0.0,0.0,0.0,0.0,0.0,0.0,2010,LB,13.0,46.0,27.0,13.0,3.0,35.0,2.0,0.0,7.0,0.0,0.0,0.0,0.0,0.0,0.0,1.0,0.0,0.0,0.0,0.0,0.0,0.0,0.0,0.0,,,,,,,,,,,,,,,,,,,,,,,,,,
28,1125142,Austin Crabill,Austin Crabill,Appalachian State,1,,,,,,,,,,,,,,,,,,,,,,,,,,,2010,DB,1.0,0.0,0.0,0.0,0.0,0.0,0.0,0.0,0.0,0.0,0.0,0.0,0.0,0.0,0.0,0.0,0.0,0.0,0.0,0.0,0.0,0.0,0.0,0.0,,,,,,,,,,,,,,,,,,,,,,,,,,,,,,,,,,,,,,,,,,,,,,,,,,,,,,,,,,,,,,,,,,,,,,,,,,,,,,
29,1125144,Kenlee Critcher,Kenlee Critcher,Appalachian State,1,,,,,,,,,,,,,,,,,,,,,,,,,,,2010,DB,1.0,0.0,0.0,0.0,0.0,0.0,0.0,0.0,0.0,0.0,0.0,0.0,0.0,0.0,0.0,0.0,0.0,0.0,0.0,0.0,0.0,0.0,0.0,0.0,,,,,,,,,,,,,,,,,,,,,,,,,,,,,,,,,,,,,,,,,,,,,,,,,,,,,,,,,,,,,,,,,,,,,,,,,,,,,,
30,1015111,Michael Frazier,Michael Frazier,Appalachian State,5,2013,LB,12.0,27.0,28.0,4.0,2.0,10.0,0.0,0.0,0.0,0.0,0.0,0.0,0.0,0.0,0.0,0.0,0.0,0.0,0.0,0.0,0.0,0.0,0.0,0.0,2010,DB,12.0,9.0,4.0,0.0,0.0,0.0,0.0,0.0,0.0,0.0,0.0,0.0,0.0,0.0,0.0,1.0,0.0,0.0,0.0,0.0,0.0,0.0,0.0,0.0,2012,RB,12.0,5.0,1.0,0.0,0.0,0.0,0.0,0.0,0.0,0.0,0.0,0.0,0.0,0.0,0.0,0.0,0.0,0.0,0.0,0.0,0.0,0.0,0.0,6.0,2011,RB,0.0,0.0,0.0,0.0,0.0,0.0,0.0,0.0,0.0,0.0,0.0,0.0,0.0,0.0,0.0,0.0,0.0,0.0,0.0,0.0,0.0,0.0,0.0,0.0,2009,LB,14.0,11.0,20.0,0.0,0.0,0.0,0.0,0.0,0.0,0.0,0.0,0.0,0.0,0.0,0.0,0.0,0.0,0.0,0.0,0.0,0.0,0.0,0.0,0.0
31,814031,Mark LeGree,Mark LeGree,Appalachian State,4,2010,DB,12.0,26.0,23.0,1.0,0.0,1.0,0.0,0.0,0.0,5.0,66.0,0.0,0.0,0.0,0.0,0.0,0.0,0.0,0.0,0.0,0.0,0.0,0.0,0.0,2007,DB,14.0,10.0,10.0,0.0,0.0,0.0,0.0,0.0,0.0,0.0,0.0,0.0,0.0,0.0,0.0,0.0,0.0,0.0,0.0,0.0,1.0,15.0,0.0,0.0,2009,DB,14.0,40.0,30.0,1.0,2.0,3.0,0.0,0.0,0.0,7.0,81.0,0.0,0.0,0.0,0.0,1.0,0.0,0.0,0.0,0.0,0.0,0.0,0.0,0.0,2008,DB,13.0,37.0,21.0,3.0,0.0,19.0,1.0,0.0,13.0,10.0,32.0,0.0,0.0,0.0,0.0,1.0,0.0,0.0,0.0,0.0,0.0,0.0,0.0,0.0,,,,,,,,,,,,,,,,,,,,,,,,,,
32,960387,Dominick Magazu,Dominick Magazu,Appalachian State,1,,,,,,,,,,,,,,,,,,,,,,,,,,,,,,,,,,,,,,,,,,,,,,,,,,,,,2010,DB,13.0,0.0,0.0,0.0,0.0,0.0,0.0,0.0,0.0,0.0,0.0,0.0,0.0,0.0,0.0,0.0,0.0,0.0,0.0,0.0,0.0,0.0,0.0,0.0,,,,,,,,,,,,,,,,,,,,,,,,,,,,,,,,,,,,,,,,,,,,,,,,,,,,
33,1125140,Tevin McDermott,Tevin McDermott,Appalachian State,1,,,,,,,,,,,,,,,,,,,,,,,,,,,2010,DB,0.0,0.0,0.0,0.0,0.0,0.0,0.0,0.0,0.0,0.0,0.0,0.0,0.0,0.0,0.0,0.0,0.0,0.0,0.0,0.0,0.0,0.0,0.0,0.0,,,,,,,,,,,,,,,,,,,,,,,,,,,,,,,,,,,,,,,,,,,,,,,,,,,,,,,,,,,,,,,,,,,,,,,,,,,,,,
34,945402,Ingram Bell,Ingram Bell,Appalachian State,4,,,,,,,,,,,,,,,,,,,,,,,,,,,2009,DB,0.0,0.0,0.0,0.0,0.0,0.0,0.0,0.0,0.0,0.0,0.0,0.0,0.0,0.0,0.0,0.0,0.0,0.0,0.0,0.0,0.0,0.0,0.0,0.0,2011,DB,0.0,0.0,0.0,0.0,0.0,0.0,0.0,0.0,0.0,0.0,0.0,0.0,0.0,0.0,0.0,0.0,0.0,0.0,0.0,0.0,0.0,0.0,0.0,0.0,2010,DB,7.0,0.0,2.0,0.0,0.0,0.0,0.0,0.0,0.0,1.0,27.0,0.0,0.0,0.0,0.0,0.0,0.0,0.0,0.0,0.0,0.0,0.0,0.0,0.0,2008,DB,0.0,0.0,0.0,0.0,0.0,0.0,0.0,0.0,0.0,0.0,0.0,0.0,0.0,0.0,0.0,0.0,0.0,0.0,0.0,0.0,0.0,0.0,0.0,0.0
35,945301,Ed Gainey,Ed Gainey,Appalachian State,4,2011,DB,4.0,6.0,2.0,0.0,0.0,0.0,0.0,0.0,0.0,0.0,0.0,0.0,0.0,0.0,0.0,0.0,0.0,0.0,0.0,0.0,0.0,0.0,0.0,0.0,2008,DB,13.0,32.0,19.0,0.0,0.0,0.0,0.0,0.0,0.0,0.0,0.0,0.0,0.0,0.0,0.0,0.0,0.0,0.0,0.0,0.0,0.0,0.0,0.0,0.0,2010,DB,12.0,32.0,16.0,4.0,0.0,10.0,0.0,0.0,0.0,1.0,-2.0,0.0,0.0,0.0,0.0,0.0,0.0,0.0,0.0,0.0,0.0,0.0,0.0,0.0,2009,DB,14.0,43.0,18.0,2.0,0.0,2.0,0.0,0.0,0.0,4.0,61.0,0.0,0.0,0.0,0.0,0.0,0.0,0.0,0.0,0.0,0.0,0.0,0.0,0.0,,,,,,,,,,,,,,,,,,,,,,,,,,
36,936217,D. McDuffie,"D. McDuffie, Dominique McDuffie",Appalachian State,4,,,,,,,,,,,,,,,,,,,,,,,,,,,2009,DB,8.0,21.0,15.0,2.0,1.0,9.0,0.0,0.0,0.0,1.0,40.0,0.0,1.0,50.0,1.0,1.0,0.0,0.0,0.0,0.0,0.0,0.0,0.0,6.0,2011,DB,11.0,26.0,13.0,2.0,0.0,4.0,0.0,0.0,0.0,1.0,27.0,0.0,1.0,3.0,0.0,0.0,0.0,0.0,0.0,0.0,0.0,0.0,0.0,0.0,2010,DB,12.0,27.0,24.0,0.0,1.0,0.0,0.0,0.0,0.0,4.0,33.0,0.0,1.0,2.0,0.0,0.0,0.0,0.0,0.0,0.0,0.0,0.0,0.0,0.0,2008,DB,3.0,6.0,4.0,0.0,1.0,1.0,0.0,0.0,0.0,0.0,0.0,0.0,0.0,0.0,0.0,0.0,0.0,0.0,0.0,0.0,0.0,0.0,0.0,0.0
37,814075,Brandon Olsen,Brandon Olsen,Appalachian State,5,2011,DB,2.0,1.0,1.0,0.0,0.0,0.0,0.0,0.0,0.0,0.0,0.0,0.0,0.0,0.0,0.0,0.0,0.0,0.0,0.0,0.0,0.0,0.0,0.0,0.0,2008,LB,2.0,1.0,1.0,0.0,0.0,0.0,0.0,0.0,0.0,0.0,0.0,0.0,0.0,0.0,0.0,0.0,0.0,0.0,0.0,0.0,0.0,0.0,0.0,0.0,2010,DB,2.0,0.0,0.0,0.0,0.0,0.0,0.0,0.0,0.0,0.0,0.0,0.0,0.0,0.0,0.0,0.0,0.0,0.0,0.0,0.0,0.0,0.0,0.0,0.0,2009,LB,5.0,0.0,4.0,0.0,0.0,0.0,0.0,0.0,0.0,0.0,0.0,0.0,0.0,0.0,0.0,0.0,0.0,0.0,0.0,0.0,0.0,0.0,0.0,0.0,2007,LB,1.0,0.0,0.0,0.0,0.0,0.0,0.0,0.0,0.0,0.0,0.0,0.0,0.0,0.0,0.0,0.0,0.0,0.0,0.0,0.0,0.0,0.0,0.0,0.0
38,1268407,Henry Barnes,Henry Barnes,Appalachian State,2,,,,,,,,,,,,,,,,,,,,,,,,,,,2011,DB,1.0,0.0,0.0,0.0,0.0,0.0,0.0,0.0,0.0,0.0,0.0,0.0,0.0,0.0,0.0,0.0,0.0,0.0,0.0,0.0,0.0,0.0,0.0,0.0,,,,,,,,,,,,,,,,,,,,,,,,,,,2012,DB,12.0,3.0,4.0,0.0,0.0,0.0,0.0,0.0,0.0,0.0,0.0,0.0,0.0,0.0,0.0,1.0,0.0,0.0,0.0,0.0,1.0,1.0,0.0,0.0,,,,,,,,,,,,,,,,,,,,,,,,,,
39,1125141,Patrick Blalock,Patrick Blalock,Appalachian State,4,2013,LB,12.0,24.0,29.0,2.0,5.0,12.0,0.0,1.0,2.0,0.0,0.0,0.0,0.0,0.0,0.0,1.0,0.0,0.0,0.0,0.0,0.0,0.0,0.0,0.0,2010,DB,12.0,21.0,9.0,0.0,0.0,0.0,0.0,0.0,0.0,0.0,0.0,0.0,0.0,0.0,0.0,0.0,0.0,0.0,0.0,0.0,0.0,0.0,0.0,0.0,2012,DB,12.0,37.0,26.0,3.0,0.0,6.0,0.0,0.0,0.0,2.0,0.0,0.0,0.0,0.0,0.0,1.0,0.0,0.0,0.0,0.0,0.0,0.0,0.0,0.0,2011,DB,7.0,5.0,9.0,0.0,0.0,0.0,0.0,0.0,0.0,0.0,0.0,0.0,0.0,0.0,0.0,0.0,0.0,0.0,0.0,0.0,0.0,0.0,0.0,0.0,,,,,,,,,,,,,,,,,,,,,,,,,,
40,1360888,Drew Davies,Drew Davies,Appalachian State,1,,,,,,,,,,,,,,,,,,,,,,,,,,,2012,DB,10.0,1.0,0.0,0.0,0.0,0.0,0.0,0.0,0.0,0.0,0.0,0.0,0.0,0.0,0.0,0.0,0.0,0.0,0.0,0.0,0.0,0.0,0.0,0.0,,,,,,,,,,,,,,,,,,,,,,,,,,,,,,,,,,,,,,,,,,,,,,,,,,,,,,,,,,,,,,,,,,,,,,,,,,,,,,
41,1360957,,,Appalachian State,0,,,,,,,,,,,,,,,,,,,,,,,,,,,,,,,,,,,,,,,,,,,,,,,,,,,,,,,,,,,,,,,,,,,,,,,,,,,,,,,,,,,,,,,,,,,,,,,,,,,,,,,,,,,,,,,,,,,,,,,,,,,,,,,,,,
42,1477138,Jamill Lott,"Jamill Lott, Jamill Lott",Appalachian State,5,2013,DB,11.0,20.0,5.0,1.0,0.0,4.0,0.0,0.0,0.0,1.0,18.0,0.0,0.0,0.0,0.0,0.0,0.0,0.0,0.0,0.0,3.0,66.0,0.0,0.0,2010,WR,6.0,1.0,1.0,0.0,0.0,0.0,0.0,0.0,0.0,0.0,0.0,0.0,0.0,0.0,0.0,0.0,0.0,0.0,0.0,0.0,0.0,0.0,0.0,0.0,2012,DB,10.0,25.0,14.0,1.0,0.0,1.0,0.0,0.0,0.0,2.0,0.0,0.0,0.0,0.0,0.0,1.0,0.0,0.0,0.0,0.0,0.0,0.0,0.0,0.0,2011,WR,12.0,5.0,8.0,0.0,0.0,0.0,0.0,0.0,0.0,0.0,0.0,0.0,0.0,0.0,0.0,0.0,0.0,0.0,0.0,0.0,0.0,0.0,0.0,0.0,2009,WR,1.0,0.0,0.0,0.0,0.0,0.0,0.0,0.0,0.0,0.0,0.0,0.0,0.0,0.0,0.0,0.0,0.0,0.0,0.0,0.0,0.0,0.0,0.0,0.0
43,1015122,Demetrius McCray,Demetrius McCray,Appalachian State,4,2012,DB,12.0,37.0,18.0,0.0,1.0,2.0,0.0,0.0,0.0,4.0,24.0,0.0,0.0,0.0,0.0,1.0,0.0,0.0,0.0,0.0,0.0,0.0,0.0,0.0,2009,DB,13.0,0.0,1.0,0.0,0.0,0.0,0.0,0.0,0.0,0.0,0.0,0.0,0.0,0.0,0.0,0.0,0.0,0.0,0.0,0.0,0.0,0.0,0.0,0.0,2011,DB,12.0,35.0,13.0,2.0,1.0,20.0,2.0,0.0,20.0,5.0,8.0,0.0,0.0,0.0,0.0,1.0,0.0,0.0,0.0,0.0,0.0,0.0,0.0,0.0,2010,DB,11.0,11.0,8.0,0.0,0.0,0.0,0.0,0.0,0.0,1.0,14.0,0.0,0.0,0.0,0.0,0.0,0.0,0.0,0.0,0.0,0.0,0.0,0.0,0.0,,,,,,,,,,,,,,,,,,,,,,,,,,
44,1015126,Troy Sanders,Troy Sanders,Appalachian State,4,2012,DB,12.0,43.0,40.0,5.0,3.0,19.0,0.0,1.0,2.0,3.0,24.0,0.0,0.0,0.0,0.0,1.0,0.0,0.0,0.0,0.0,0.0,0.0,0.0,0.0,2009,DB,14.0,4.0,7.0,0.0,0.0,0.0,0.0,0.0,0.0,0.0,0.0,0.0,0.0,0.0,0.0,0.0,0.0,0.0,0.0,0.0,0.0,0.0,0.0,0.0,2011,DB,12.0,43.0,36.0,1.0,2.0,5.0,0.0,0.0,0.0,2.0,35.0,0.0,0.0,0.0,0.0,0.0,0.0,0.0,0.0,0.0,0.0,0.0,0.0,0.0,2010,DB,13.0,42.0,18.0,4.0,1.0,20.0,1.0,0.0,6.0,0.0,0.0,0.0,0.0,0.0,0.0,1.0,0.0,0.0,0.0,0.0,0.0,0.0,0.0,4.0,,,,,,,,,,,,,,,,,,,,,,,,,,
45,1385876,Chris Shaffer,Chris Shaffer,Appalachian State,3,,,,,,,,,,,,,,,,,,,,,,,,,,,2012,DB,6.0,0.0,0.0,0.0,0.0,0.0,0.0,0.0,0.0,0.0,0.0,0.0,0.0,0.0,0.0,0.0,0.0,0.0,0.0,0.0,0.0,0.0,0.0,0.0,2014,LB,0.0,0.0,0.0,0.0,0.0,0.0,0.0,0.0,0.0,0.0,0.0,0.0,0.0,0.0,0.0,0.0,0.0,0.0,0.0,0.0,0.0,0.0,0.0,0.0,2013,LB,2.0,0.0,0.0,0.0,0.0,0.0,0.0,0.0,0.0,0.0,0.0,0.0,0.0,0.0,0.0,0.0,0.0,0.0,0.0,0.0,0.0,0.0,0.0,0.0,,,,,,,,,,,,,,,,,,,,,,,,,,
46,1360885,Jamil Thomas,Jamil Thomas,Appalachian State,1,,,,,,,,,,,,,,,,,,,,,,,,,,,2012,DB,3.0,0.0,0.0,0.0,0.0,0.0,0.0,0.0,0.0,0.0,0.0,0.0,0.0,0.0,0.0,0.0,0.0,0.0,0.0,0.0,0.0,0.0,0.0,0.0,,,,,,,,,,,,,,,,,,,,,,,,,,,,,,,,,,,,,,,,,,,,,,,,,,,,,,,,,,,,,,,,,,,,,,,,,,,,,,
47,1015139,Rodger Walker,Rodger Walker,Appalachian State,5,2013,DB,10.0,15.0,7.0,0.0,1.0,1.0,0.0,0.0,0.0,2.0,0.0,0.0,0.0,0.0,0.0,0.0,0.0,0.0,0.0,0.0,0.0,0.0,0.0,0.0,2010,WR,8.0,0.0,0.0,0.0,0.0,0.0,0.0,0.0,0.0,0.0,0.0,0.0,0.0,0.0,0.0,0.0,0.0,0.0,0.0,0.0,9.0,199.0,0.0,0.0,2012,DB,7.0,6.0,5.0,0.0,0.0,0.0,0.0,0.0,0.0,0.0,0.0,0.0,0.0,0.0,0.0,0.0,0.0,0.0,0.0,0.0,0.0,0.0,0.0,0.0,2011,DB,12.0,14.0,12.0,0.0,0.0,0.0,0.0,0.0,0.0,4.0,85.0,0.0,1.0,73.0,1.0,0.0,0.0,0.0,0.0,0.0,0.0,0.0,0.0,6.0,2009,WR,0.0,0.0,0.0,0.0,0.0,0.0,0.0,0.0,0.0,0.0,0.0,0.0,0.0,0.0,0.0,0.0,0.0,0.0,0.0,0.0,0.0,0.0,0.0,0.0
48,1482308,Dante Blackmon,Dante Blackmon,Appalachian State,2,,,,,,,,,,,,,,,,,,,,,,,,,,,2013,DB,10.0,11.0,4.0,0.0,1.0,1.0,0.0,0.0,0.0,0.0,0.0,0.0,0.0,0.0,0.0,0.0,0.0,0.0,0.0,0.0,0.0,0.0,0.0,0.0,,,,,,,,,,,,,,,,,,,,,,,,,,,2014,DB,12.0,9.0,3.0,0.0,1.0,0.0,0.0,0.0,0.0,1.0,0.0,0.0,0.0,0.0,0.0,0.0,0.0,0.0,0.0,0.0,0.0,0.0,0.0,0.0,,,,,,,,,,,,,,,,,,,,,,,,,,
49,1482312,Tyrell Brown,Tyrell Brown,Appalachian State,2,,,,,,,,,,,,,,,,,,,,,,,,,,,2013,DB,8.0,0.0,0.0,0.0,0.0,0.0,0.0,0.0,0.0,0.0,0.0,0.0,0.0,0.0,0.0,0.0,0.0,0.0,0.0,0.0,0.0,0.0,0.0,0.0,,,,,,,,,,,,,,,,,,,,,,,,,,,2014,DB,0.0,0.0,0.0,0.0,0.0,0.0,0.0,0.0,0.0,0.0,0.0,0.0,0.0,0.0,0.0,0.0,0.0,0.0,0.0,0.0,0.0,0.0,0.0,0.0,,,,,,,,,,,,,,,,,,,,,,,,,,
50,1482352,Mike Counts,Mike Counts,Appalachian State,2,,,,,,,,,,,,,,,,,,,,,,,,,,,2013,DB,0.0,0.0,0.0,0.0,0.0,0.0,0.0,0.0,0.0,0.0,0.0,0.0,0.0,0.0,0.0,0.0,0.0,0.0,0.0,0.0,0.0,0.0,0.0,0.0,,,,,,,,,,,,,,,,,,,,,,,,,,,2014,DB,0.0,0.0,0.0,0.0,0.0,0.0,0.0,0.0,0.0,0.0,0.0,0.0,0.0,0.0,0.0,0.0,0.0,0.0,0.0,0.0,0.0,0.0,0.0,0.0,,,,,,,,,,,,,,,,,,,,,,,,,,
51,1482316,Anthony Covington,Anthony Covington,Appalachian State,2,,,,,,,,,,,,,,,,,,,,,,,,,,,2013,DB,12.0,3.0,3.0,0.0,0.0,0.0,0.0,0.0,0.0,0.0,0.0,0.0,0.0,0.0,0.0,0.0,0.0,0.0,0.0,0.0,0.0,0.0,0.0,0.0,,,,,,,,,,,,,,,,,,,,,,,,,,,2014,DB,0.0,0.0,0.0,0.0,0.0,0.0,0.0,0.0,0.0,0.0,0.0,0.0,0.0,0.0,0.0,0.0,0.0,0.0,0.0,0.0,0.0,0.0,0.0,0.0,,,,,,,,,,,,,,,,,,,,,,,,,,
52,1268439,Joel Ross,Joel Ross,Appalachian State,4,2014,DB,12.0,32.0,7.0,2.0,1.0,11.0,1.0,0.0,8.0,3.0,13.0,0.0,0.0,0.0,0.0,0.0,0.0,0.0,0.0,0.0,0.0,0.0,0.0,0.0,2011,DB,8.0,5.0,7.0,0.0,1.0,4.0,0.0,1.0,4.0,0.0,0.0,0.0,0.0,0.0,0.0,0.0,0.0,0.0,0.0,0.0,0.0,0.0,0.0,0.0,2013,DB,12.0,37.0,19.0,0.0,1.0,1.0,0.0,0.0,0.0,0.0,0.0,0.0,0.0,0.0,0.0,1.0,0.0,1.0,0.0,0.0,0.0,0.0,0.0,0.0,2012,DB,12.0,27.0,19.0,4.0,4.0,13.0,0.0,0.0,0.0,1.0,17.0,1.0,1.0,47.0,1.0,0.0,0.0,0.0,0.0,0.0,0.0,0.0,0.0,12.0,,,,,,,,,,,,,,,,,,,,,,,,,,
53,1482353,Nic Shriner,Nic Shriner,Appalachian State,2,2014,DB,7.0,2.0,0.0,0.0,0.0,0.0,0.0,0.0,0.0,0.0,0.0,0.0,0.0,0.0,0.0,0.0,0.0,0.0,0.0,0.0,0.0,0.0,0.0,0.0,,,,,,,,,,,,,,,,,,,,,,,,,,,2013,DB,10.0,0.0,0.0,0.0,0.0,0.0,0.0,0.0,0.0,0.0,0.0,0.0,0.0,0.0,0.0,0.0,0.0,0.0,0.0,0.0,0.0,0.0,0.0,0.0,,,,,,,,,,,,,,,,,,,,,,,,,,,,,,,,,,,,,,,,,,,,,,,,,,,,
54,1360915,Chris Starks,Chris Starks,Appalachian State,3,,,,,,,,,,,,,,,,,,,,,,,,,,,2013,DB,0.0,0.0,0.0,0.0,0.0,0.0,0.0,0.0,0.0,0.0,0.0,0.0,0.0,0.0,0.0,0.0,0.0,0.0,0.0,0.0,0.0,0.0,0.0,0.0,,,,,,,,,,,,,,,,,,,,,,,,,,,2014,DB,0.0,0.0,0.0,0.0,0.0,0.0,0.0,0.0,0.0,0.0,0.0,0.0,0.0,0.0,0.0,0.0,0.0,0.0,0.0,0.0,0.0,0.0,0.0,0.0,2012,WR,0.0,0.0,0.0,0.0,0.0,0.0,0.0,0.0,0.0,0.0,0.0,0.0,0.0,0.0,0.0,0.0,0.0,0.0,0.0,0.0,0.0,0.0,0.0,0.0
55,1360857,Kevin Walton,Kevin Walton,Appalachian State,3,,,,,,,,,,,,,,,,,,,,,,,,,,,2012,DB,12.0,4.0,5.0,0.0,1.0,1.0,0.0,0.0,0.0,0.0,0.0,0.0,0.0,0.0,0.0,0.0,0.0,0.0,0.0,0.0,1.0,21.0,0.0,0.0,2014,DB,12.0,2.0,2.0,0.0,0.0,0.0,0.0,0.0,0.0,0.0,0.0,0.0,0.0,0.0,0.0,0.0,0.0,0.0,0.0,0.0,0.0,0.0,0.0,0.0,2013,DB,12.0,18.0,38.0,0.0,2.0,1.0,0.0,0.0,0.0,1.0,6.0,0.0,0.0,0.0,0.0,0.0,0.0,0.0,0.0,0.0,0.0,0.0,0.0,0.0,,,,,,,,,,,,,,,,,,,,,,,,,,
56,1602075,Jordan Ford,Jordan Ford,Appalachian State,1,2016,DB,0.0,0.0,0.0,0.0,0.0,0.0,0.0,0.0,0.0,0.0,0.0,0.0,0.0,0.0,0.0,0.0,0.0,0.0,0.0,0.0,0.0,0.0,0.0,0.0,,,,,,,,,,,,,,,,,,,,,,,,,,,,,,,,,,,,,,,,,,,,,,,,,,,,,,,,,,,,,,,,,,,,,,,,,,,,,,,,,,,,,,,,,,,,,,,,,,,,,,,,
57,1726876,Desmond Franklin,Desmond Franklin,Appalachian State,3,,,,,,,,,,,,,,,,,,,,,,,,,,,2016,DB,11.0,2.0,2.0,0.0,0.0,0.0,0.0,0.0,0.0,0.0,0.0,0.0,0.0,0.0,0.0,0.0,0.0,0.0,0.0,0.0,0.0,0.0,0.0,0.0,,,,,,,,,,,,,,,,,,,,,,,,,,,2017,DB,13.0,31.0,18.0,1.0,3.0,4.0,0.0,0.0,0.0,3.0,72.0,0.0,0.0,0.0,0.0,1.0,0.0,0.0,0.0,0.0,0.0,0.0,0.0,0.0,2015,DB,0.0,0.0,0.0,0.0,0.0,0.0,0.0,0.0,0.0,0.0,0.0,0.0,0.0,0.0,0.0,0.0,0.0,0.0,0.0,0.0,0.0,0.0,0.0,0.0
58,1482305,Treyon Garnett,Treyon Garnett,Appalachian State,4,,,,,,,,,,,,,,,,,,,,,,,,,,,2014,DB,9.0,8.0,4.0,0.0,0.0,0.0,0.0,0.0,0.0,0.0,0.0,0.0,0.0,0.0,0.0,0.0,0.0,0.0,0.0,0.0,0.0,0.0,0.0,0.0,2016,DB,0.0,0.0,0.0,0.0,0.0,0.0,0.0,0.0,0.0,0.0,0.0,0.0,0.0,0.0,0.0,0.0,0.0,0.0,0.0,0.0,0.0,0.0,0.0,0.0,2015,DB,0.0,0.0,0.0,0.0,0.0,0.0,0.0,0.0,0.0,0.0,0.0,0.0,0.0,0.0,0.0,0.0,0.0,0.0,0.0,0.0,0.0,0.0,0.0,0.0,2013,DB,0.0,0.0,0.0,0.0,0.0,0.0,0.0,0.0,0.0,0.0,0.0,0.0,0.0,0.0,0.0,0.0,0.0,0.0,0.0,0.0,0.0,0.0,0.0,0.0
59,1602076,Latrell Gibbs,Latrell Gibbs,Appalachian State,1,,,,,,,,,,,,,,,,,,,,,,,,,,,,,,,,,,,,,,,,,,,,,,,,,,,,,2016,DB,0.0,0.0,0.0,0.0,0.0,0.0,0.0,0.0,0.0,0.0,0.0,0.0,0.0,0.0,0.0,0.0,0.0,0.0,0.0,0.0,0.0,0.0,0.0,0.0,,,,,,,,,,,,,,,,,,,,,,,,,,,,,,,,,,,,,,,,,,,,,,,,,,,,
60,1360853,Alex Gray,Alex Gray,Appalachian State,5,2016,DB,12.0,33.0,13.0,0.0,0.0,0.0,0.0,0.0,0.0,1.0,11.0,0.0,0.0,0.0,0.0,0.0,0.0,0.0,0.0,0.0,0.0,0.0,0.0,0.0,2013,DB,12.0,34.0,39.0,2.0,1.0,7.0,0.0,1.0,3.0,0.0,0.0,0.0,0.0,0.0,0.0,0.0,0.0,0.0,0.0,0.0,0.0,0.0,0.0,0.0,2015,DB,13.0,33.0,20.0,1.0,1.0,2.0,0.0,0.0,0.0,2.0,3.0,0.0,0.0,0.0,0.0,1.0,0.0,0.0,0.0,0.0,0.0,0.0,0.0,0.0,2014,DB,12.0,13.0,12.0,0.0,0.0,0.0,0.0,0.0,0.0,0.0,0.0,0.0,0.0,0.0,0.0,0.0,0.0,0.0,0.0,0.0,0.0,0.0,0.0,0.0,2012,DB,1.0,0.0,0.0,0.0,0.0,0.0,0.0,0.0,0.0,0.0,0.0,0.0,0.0,0.0,0.0,0.0,0.0,0.0,0.0,0.0,0.0,0.0,0.0,0.0
61,1602073,A.J. Howard,A.J. Howard,Appalachian State,2,2017,DB,13.0,41.0,25.0,3.0,1.0,7.0,0.0,0.0,0.0,1.0,61.0,0.0,0.0,0.0,0.0,0.0,0.0,0.0,0.0,0.0,0.0,0.0,0.0,0.0,,,,,,,,,,,,,,,,,,,,,,,,,,,2016,DB,13.0,38.0,16.0,1.0,0.0,1.0,0.0,0.0,0.0,3.0,71.0,1.0,0.0,0.0,0.0,1.0,0.0,0.0,0.0,0.0,0.0,0.0,0.0,6.0,,,,,,,,,,,,,,,,,,,,,,,,,,,,,,,,,,,,,,,,,,,,,,,,,,,,
62,1360855,Aaron Krah,Aaron Krah,Appalachian State,4,2015,DB,10.0,1.0,2.0,0.0,0.0,0.0,0.0,0.0,0.0,0.0,0.0,0.0,0.0,0.0,0.0,0.0,0.0,0.0,0.0,0.0,0.0,0.0,0.0,0.0,2012,DB,12.0,5.0,2.0,0.0,0.0,0.0,0.0,0.0,0.0,0.0,0.0,0.0,0.0,0.0,0.0,0.0,0.0,0.0,0.0,0.0,0.0,0.0,0.0,0.0,2014,DB,12.0,6.0,2.0,0.0,0.0,0.0,0.0,0.0,0.0,0.0,0.0,0.0,0.0,0.0,1.0,0.0,0.0,0.0,0.0,0.0,1.0,2.0,0.0,6.0,2013,DB,11.0,3.0,0.0,0.0,0.0,0.0,0.0,0.0,0.0,0.0,0.0,0.0,0.0,0.0,0.0,0.0,0.0,0.0,0.0,0.0,0.0,0.0,0.0,0.0,,,,,,,,,,,,,,,,,,,,,,,,,,
63,1268434,Doug Middleton,Doug Middleton,Appalachian State,5,2015,DB,13.0,30.0,23.0,0.0,2.0,11.0,0.0,1.0,9.0,0.0,0.0,0.0,0.0,0.0,0.0,0.0,0.0,0.0,0.0,0.0,0.0,0.0,0.0,0.0,2012,DB,1.0,2.0,3.0,0.0,0.0,0.0,0.0,0.0,0.0,0.0,0.0,0.0,0.0,0.0,0.0,0.0,0.0,0.0,0.0,0.0,1.0,29.0,0.0,0.0,2014,DB,12.0,54.0,20.0,4.0,4.0,14.0,0.0,1.0,5.0,4.0,52.0,1.0,0.0,0.0,0.0,0.0,0.0,1.0,0.0,0.0,1.0,0.0,0.0,6.0,2013,DB,12.0,30.0,16.0,2.0,1.0,9.0,0.0,0.0,0.0,2.0,14.0,0.0,0.0,0.0,0.0,2.0,0.0,0.0,0.0,0.0,1.0,38.0,0.0,0.0,2011,DB,12.0,11.0,12.0,0.0,1.0,1.0,0.0,0.0,0.0,2.0,120.0,1.0,0.0,0.0,0.0,0.0,0.0,0.0,0.0,0.0,1.0,18.0,0.0,6.0
64,1482303,Brandon Pinckney,Brandon Pinckney,Appalachian State,5,2017,DB,4.0,0.0,1.0,0.0,0.0,0.0,0.0,0.0,0.0,0.0,0.0,0.0,0.0,0.0,0.0,0.0,0.0,0.0,0.0,0.0,0.0,0.0,0.0,0.0,2014,DB,10.0,2.0,1.0,0.0,0.0,0.0,0.0,0.0,0.0,0.0,0.0,0.0,0.0,0.0,0.0,0.0,0.0,0.0,0.0,0.0,0.0,0.0,0.0,0.0,2016,DB,11.0,4.0,3.0,1.0,0.0,1.0,0.0,0.0,0.0,1.0,0.0,0.0,0.0,0.0,0.0,0.0,0.0,0.0,0.0,0.0,0.0,0.0,0.0,0.0,2015,DB,0.0,0.0,0.0,0.0,0.0,0.0,0.0,0.0,0.0,0.0,0.0,0.0,0.0,0.0,0.0,0.0,0.0,0.0,0.0,0.0,0.0,0.0,0.0,0.0,2013,DB,1.0,0.0,0.0,0.0,0.0,0.0,0.0,0.0,0.0,0.0,0.0,0.0,0.0,0.0,0.0,0.0,0.0,0.0,0.0,0.0,0.0,0.0,0.0,0.0
65,1726922,Junior Sigalo,Junior Sigalo,Appalachian State,2,,,,,,,,,,,,,,,,,,,,,,,,,,,2015,DB,11.0,3.0,3.0,0.0,0.0,0.0,0.0,0.0,0.0,0.0,0.0,0.0,0.0,0.0,0.0,0.0,0.0,0.0,0.0,0.0,0.0,0.0,0.0,0.0,,,,,,,,,,,,,,,,,,,,,,,,,,,2016,DB,0.0,0.0,0.0,0.0,0.0,0.0,0.0,0.0,0.0,0.0,0.0,0.0,0.0,0.0,0.0,0.0,0.0,0.0,0.0,0.0,0.0,0.0,0.0,0.0,,,,,,,,,,,,,,,,,,,,,,,,,,
66,1726932,Josh Thomas,Josh Thomas,Appalachian State,3,,,,,,,,,,,,,,,,,,,,,,,,,,,2015,DB,13.0,4.0,3.0,0.0,0.0,0.0,0.0,0.0,0.0,0.0,0.0,0.0,0.0,0.0,0.0,0.0,0.0,0.0,0.0,0.0,0.0,0.0,0.0,0.0,2017,DB,4.0,5.0,8.0,1.0,0.0,4.0,0.0,0.0,0.0,0.0,0.0,0.0,0.0,0.0,0.0,0.0,0.0,0.0,0.0,0.0,0.0,0.0,0.0,0.0,2016,DB,12.0,19.0,9.0,1.0,2.0,4.0,0.0,0.0,0.0,2.0,26.0,0.0,0.0,0.0,0.0,0.0,0.0,0.0,0.0,0.0,0.0,0.0,0.0,0.0,,,,,,,,,,,,,,,,,,,,,,,,,,
67,1726937,Mondo Williams,Mondo Williams,Appalachian State,2,2016,DB,13.0,19.0,11.0,2.0,1.0,6.0,0.0,0.0,0.0,4.0,43.0,0.0,0.0,0.0,0.0,0.0,0.0,0.0,0.0,0.0,0.0,0.0,0.0,0.0,,,,,,,,,,,,,,,,,,,,,,,,,,,2015,DB,12.0,21.0,11.0,2.0,0.0,9.0,0.0,0.0,0.0,2.0,19.0,0.0,0.0,0.0,0.0,0.0,0.0,0.0,0.0,0.0,0.0,0.0,0.0,0.0,,,,,,,,,,,,,,,,,,,,,,,,,,,,,,,,,,,,,,,,,,,,,,,,,,,,
68,1726938,Justin Wilson,Justin Wilson,Appalachian State,2,,,,,,,,,,,,,,,,,,,,,,,,,,,2015,DB,5.0,0.0,2.0,0.0,0.0,0.0,0.0,0.0,0.0,0.0,0.0,0.0,0.0,0.0,0.0,0.0,0.0,0.0,0.0,0.0,0.0,0.0,0.0,0.0,,,,,,,,,,,,,,,,,,,,,,,,,,,2016,DB,0.0,0.0,0.0,0.0,0.0,0.0,0.0,0.0,0.0,0.0,0.0,0.0,0.0,0.0,0.0,0.0,0.0,0.0,0.0,0.0,0.0,0.0,0.0,0.0,,,,,,,,,,,,,,,,,,,,,,,,,,
